lista_id,nombre,tipo,orden,valor,etiqueta,formato_salida
sexo,Sexo,opcion,10,Masculino,,
sexo,Sexo,opcion,20,Femenino,,
raza,Raza,opcion,10,Mestiza,,
raza,Raza,opcion,20,Quechua,,
raza,Raza,opcion,30,Aymara,,
raza,Raza,opcion,40,Blanca,,
raza,Raza,opcion,50,Negra,,
raza,Raza,opcion,60,Asiática,,
raza,Raza,opcion,70,Otra,,
nacionalidad,Nacionalidad,opcion,10,Peruana,,
nacionalidad,Nacionalidad,opcion,20,Boliviana,,
nacionalidad,Nacionalidad,opcion,30,Otra,,
estado_civil,Estado civil,opcion,10,Soltero,,
estado_civil,Estado civil,opcion,20,Casado,,
estado_civil,Estado civil,opcion,30,Conviviente,,
estado_civil,Estado civil,opcion,40,Viudo,,
estado_civil,Estado civil,opcion,50,Divorciado,,
estado_civil,Estado civil,opcion,60,Separado,,
grado_instruccion,Grado de instrucción,opcion,10,Sin estudios,,
grado_instruccion,Grado de instrucción,opcion,20,Primaria incompleta,,
grado_instruccion,Grado de instrucción,opcion,30,Primaria completa,,
grado_instruccion,Grado de instrucción,opcion,40,Secundaria incompleta,,
grado_instruccion,Grado de instrucción,opcion,50,Secundaria completa,,
grado_instruccion,Grado de instrucción,opcion,60,Superior técnica incompleta,,
grado_instruccion,Grado de instrucción,opcion,70,Superior técnica completa,,
grado_instruccion,Grado de instrucción,opcion,80,Superior universitaria incompleta,,
grado_instruccion,Grado de instrucción,opcion,90,Superior universitaria completa,,
grado_instruccion,Grado de instrucción,opcion,100,Posgrado,,
ocupacion,Ocupación,opcion,10,Agricultor,,
ocupacion,Ocupación,opcion,20,Ganadero,,
ocupacion,Ocupación,opcion,30,Ama de casa,,
ocupacion,Ocupación,opcion,40,Comerciante,,
ocupacion,Ocupación,opcion,50,Estudiante,,
ocupacion,Ocupación,opcion,60,Obrero,,
ocupacion,Ocupación,opcion,70,Minero,,
ocupacion,Ocupación,opcion,80,Construcción civil,,
ocupacion,Ocupación,opcion,90,Chofer,,
ocupacion,Ocupación,opcion,100,Docente,,
ocupacion,Ocupación,opcion,110,Profesional independiente,,
ocupacion,Ocupación,opcion,120,Jubilado o pensionista,,
ocupacion,Ocupación,opcion,130,Desempleado,,
ocupacion,Ocupación,opcion,140,Otra,,
idioma,Idioma,opcion,10,Castellano,,
idioma,Idioma,opcion,20,Quechua,,
idioma,Idioma,opcion,30,Aymara,,
idioma,Idioma,opcion,40,Otro,,
religion,Religión,opcion,10,Católica,,
religion,Religión,opcion,20,Evangélica,,
religion,Religión,opcion,30,Adventista,,
religion,Religión,opcion,40,Testigo de Jehová,,
religion,Religión,opcion,50,Ninguna,,
religion,Religión,opcion,60,Otra,,
informante,Informante,opcion,10,"Directo, el propio paciente",,
informante,Informante,opcion,20,"Indirecto, familiar o acompañante",,
informante,Informante,opcion,30,Mixto,,
unidad_tiempo,Unidad de tiempo,opcion,10,horas,,
unidad_tiempo,Unidad de tiempo,opcion,20,días,,
unidad_tiempo,Unidad de tiempo,opcion,30,semanas,,
unidad_tiempo,Unidad de tiempo,opcion,40,meses,,
unidad_tiempo,Unidad de tiempo,opcion,50,años,,
forma_inicio,Forma de inicio,opcion,10,Brusco,,
forma_inicio,Forma de inicio,opcion,20,Súbito,,
forma_inicio,Forma de inicio,opcion,30,Insidioso,,
curso,Curso,opcion,10,Progresivo,,
curso,Curso,opcion,20,Estacionario,,
curso,Curso,opcion,30,Intermitente,,
curso,Curso,opcion,40,Recurrente,,
curso,Curso,opcion,50,En brotes,,
curso,Curso,opcion,60,Progresivo con agudización,,
curso,Curso,opcion,70,Regresivo,,
duracion_enf,Duración de la enfermedad,opcion,10,"Agudo, hasta 3 meses",,
duracion_enf,Duración de la enfermedad,opcion,20,"Subagudo, de 3 meses a 1 año",,
duracion_enf,Duración de la enfermedad,opcion,30,"Subcrónico, de 1 a 5 años",,
duracion_enf,Duración de la enfermedad,opcion,40,"Crónico, más de 5 años",,
apetito,Apetito,opcion,10,Conservado,,
apetito,Apetito,opcion,20,Disminuido (hiporexia),,
apetito,Apetito,opcion,30,Ausente (anorexia),,
apetito,Apetito,opcion,40,Aumentado (hiperorexia),,
sed,Sed,opcion,10,Conservada,,
sed,Sed,opcion,20,Disminuida,,
sed,Sed,opcion,30,Aumentada (polidipsia),,
sueno,Sueño,opcion,10,Conservado,,
sueno,Sueño,opcion,20,No reparador,,
sueno,Sueño,opcion,30,Insomnio de conciliación,,
sueno,Sueño,opcion,40,Insomnio de mantenimiento,,
sueno,Sueño,opcion,50,Hipersomnia,,
heces_car,Características de las heces,opcion,10,Normales,,
heces_car,Características de las heces,opcion,20,Diarrea,,
heces_car,Características de las heces,opcion,30,Estreñimiento,,
heces_car,Características de las heces,opcion,40,Melena,,
heces_car,Características de las heces,opcion,50,Hematoquecia,,
heces_car,Características de las heces,opcion,60,Con moco,,
heces_car,Características de las heces,opcion,70,Con restos alimentarios,,
heces_car,Características de las heces,opcion,80,Acolia,,
heces_car,Características de las heces,opcion,90,Tenesmo rectal,,
orina_car,Características de la orina,opcion,10,Normal,,
orina_car,Características de la orina,opcion,20,Disuria,,
orina_car,Características de la orina,opcion,30,Polaquiuria,,
orina_car,Características de la orina,opcion,40,Nicturia,,
orina_car,Características de la orina,opcion,50,Hematuria,,
orina_car,Características de la orina,opcion,60,Coluria,,
orina_car,Características de la orina,opcion,70,Oliguria,,
orina_car,Características de la orina,opcion,80,Poliuria,,
orina_car,Características de la orina,opcion,90,Anuria,,
orina_car,Características de la orina,opcion,100,Tenesmo vesical,,
orina_car,Características de la orina,opcion,110,Incontinencia,,
peso_var,Variación de peso,opcion,10,Sin variación,,
peso_var,Variación de peso,opcion,20,Pérdida,,
peso_var,Variación de peso,opcion,30,Ganancia,,
viv_material,Material de la vivienda,opcion,10,Adobe,,
viv_material,Material de la vivienda,opcion,20,Ladrillo,,
viv_material,Material de la vivienda,opcion,30,Carrizo,,
viv_material,Material de la vivienda,opcion,40,Madera,,
viv_material,Material de la vivienda,opcion,50,Techo de calamina,,
viv_material,Material de la vivienda,opcion,60,Techo de paja,,
viv_material,Material de la vivienda,opcion,70,Piso de tierra,,
viv_material,Material de la vivienda,opcion,80,Piso de cemento,,
viv_servicios,Servicios básicos,opcion,10,Agua de red pública,,
viv_servicios,Servicios básicos,opcion,20,Agua entubada no clorada,,
viv_servicios,Servicios básicos,opcion,30,Agua de pozo,,
viv_servicios,Servicios básicos,opcion,40,Desagüe,,
viv_servicios,Servicios básicos,opcion,50,Letrina,,
viv_servicios,Servicios básicos,opcion,60,Luz eléctrica,,
viv_servicios,Servicios básicos,opcion,70,Cocina a leña o bosta,,
viv_servicios,Servicios básicos,opcion,80,Cocina a gas,,
viv_servicios,Servicios básicos,opcion,90,Recojo de basura,,
animales,Crianza de animales,opcion,10,Ninguno,,
animales,Crianza de animales,opcion,20,Perros,,
animales,Crianza de animales,opcion,30,Gatos,,
animales,Crianza de animales,opcion,40,Vacunos,,
animales,Crianza de animales,opcion,50,Ovinos,,
animales,Crianza de animales,opcion,60,Camélidos,,
animales,Crianza de animales,opcion,70,Cuyes,,
animales,Crianza de animales,opcion,80,Aves de corral,,
animales,Crianza de animales,opcion,90,Cerdos,,
nutriente,Nutriente predominante,opcion,10,Carbohidratos,,
nutriente,Nutriente predominante,opcion,20,Proteínas,,
nutriente,Nutriente predominante,opcion,30,Grasas,,
nutriente,Nutriente predominante,opcion,40,Mixta,,
vestimenta,Vestimenta,opcion,10,Adecuada al clima,,
vestimenta,Vestimenta,opcion,20,Inadecuada al clima,,
higiene,Higiene,opcion,10,Buena,,
higiene,Higiene,opcion,20,Regular,,
higiene,Higiene,opcion,30,Deficiente,,
actividad,Deporte y actividad física,opcion,10,Sedentario,,
actividad,Deporte y actividad física,opcion,20,Actividad física ligera,,
actividad,Deporte y actividad física,opcion,30,Actividad física moderada,,
actividad,Deporte y actividad física,opcion,40,Actividad física intensa,,
actividad,Deporte y actividad física,opcion,50,Trabajo físico pesado,,
tabaco,Tabaco,opcion,10,No fuma,,
tabaco,Tabaco,opcion,20,Exfumador,,
tabaco,Tabaco,opcion,30,Fumador activo,,
alcohol,Alcohol,opcion,10,No consume,,
alcohol,Alcohol,opcion,20,Consumo ocasional o social,,
alcohol,Alcohol,opcion,30,Consumo frecuente,,
alcohol,Alcohol,opcion,40,Consumo diario,,
alcohol,Alcohol,opcion,50,Exbebedor,,
bebidas,"Café, mate y té",opcion,10,Ninguno,,
bebidas,"Café, mate y té",opcion,20,Café,,
bebidas,"Café, mate y té",opcion,30,Mate de coca,,
bebidas,"Café, mate y té",opcion,40,Té,,
bebidas,"Café, mate y té",opcion,50,Otras infusiones,,
toxicos,Tóxicos y exposiciones,opcion,10,Ninguno,,
toxicos,Tóxicos y exposiciones,opcion,20,Plaguicidas,,
toxicos,Tóxicos y exposiciones,opcion,30,Humo de biomasa,,
toxicos,Tóxicos y exposiciones,opcion,40,Polvo mineral o sílice,,
toxicos,Tóxicos y exposiciones,opcion,50,Solventes,,
toxicos,Tóxicos y exposiciones,opcion,60,Radiación,,
toxicos,Tóxicos y exposiciones,opcion,70,Drogas ilícitas,,
toxicos,Tóxicos y exposiciones,opcion,80,Anabolizantes,,
control_prenatal,Control prenatal,opcion,10,Sin control,,
control_prenatal,Control prenatal,opcion,20,Menos de 6 controles,,
control_prenatal,Control prenatal,opcion,30,6 o más controles,,
control_prenatal,Control prenatal,opcion,40,No recuerda,,
edad_gest,Edad gestacional,opcion,10,A término,,
edad_gest,Edad gestacional,opcion,20,Pretérmino,,
edad_gest,Edad gestacional,opcion,30,Postérmino,,
edad_gest,Edad gestacional,opcion,40,No recuerda,,
parto,Tipo de parto,opcion,10,Eutócico,,
parto,Tipo de parto,opcion,20,Distócico,,
parto,Tipo de parto,opcion,30,Cesárea,,
parto,Tipo de parto,opcion,40,Fórceps,,
parto,Tipo de parto,opcion,50,No recuerda,,
parto_lugar,Lugar del parto,opcion,10,Domiciliario,,
parto_lugar,Lugar del parto,opcion,20,Institucional,,
parto_lugar,Lugar del parto,opcion,30,No recuerda,,
hito,Hito del desarrollo,opcion,10,Normal para la edad,,
hito,Hito del desarrollo,opcion,20,Retrasado,,
hito,Hito del desarrollo,opcion,30,No recuerda,,
catamenial,Características del catamenial,opcion,10,Regular,,
catamenial,Características del catamenial,opcion,20,Irregular,,
catamenial,Características del catamenial,opcion,30,Dismenorrea,,
catamenial,Características del catamenial,opcion,40,Con coágulos,,
catamenial,Características del catamenial,opcion,50,Hipermenorrea,,
catamenial,Características del catamenial,opcion,60,Hipomenorrea,,
anticonceptivo,Anticonceptivo,opcion,10,Ninguno,,
anticonceptivo,Anticonceptivo,opcion,20,Ampolla mensual,,
anticonceptivo,Anticonceptivo,opcion,30,Ampolla trimestral,,
anticonceptivo,Anticonceptivo,opcion,40,Píldora,,
anticonceptivo,Anticonceptivo,opcion,50,DIU,,
anticonceptivo,Anticonceptivo,opcion,60,Implante,,
anticonceptivo,Anticonceptivo,opcion,70,Ligadura de trompas,,
anticonceptivo,Anticonceptivo,opcion,80,Preservativo,,
anticonceptivo,Anticonceptivo,opcion,90,Otro,,
si_no_nr,Sí o no,opcion,10,No refiere,,
si_no_nr,Sí o no,opcion,20,Sí,,
si_no_nr,Sí o no,opcion,30,No recuerda,,
papanicolau,Último Papanicolau,opcion,10,Nunca se realizó,,
papanicolau,Último Papanicolau,opcion,20,Hace menos de 1 año,,
papanicolau,Último Papanicolau,opcion,30,De 1 a 3 años,,
papanicolau,Último Papanicolau,opcion,40,Hace más de 3 años,,
papanicolau,Último Papanicolau,opcion,50,No recuerda,,
inmunizaciones,Inmunizaciones,opcion,10,Esquema completo,,
inmunizaciones,Inmunizaciones,opcion,20,BCG,,
inmunizaciones,Inmunizaciones,opcion,30,Antitetánica,,
inmunizaciones,Inmunizaciones,opcion,40,Influenza,,
inmunizaciones,Inmunizaciones,opcion,50,Neumococo,,
inmunizaciones,Inmunizaciones,opcion,60,COVID-19,,
inmunizaciones,Inmunizaciones,opcion,70,Hepatitis B,,
inmunizaciones,Inmunizaciones,opcion,80,No recuerda,,
inmunizaciones,Inmunizaciones,opcion,90,No porta carné,,
hta_dx,Hipertensión arterial,opcion,10,Niega,,
hta_dx,Hipertensión arterial,opcion,20,"Sí, en tratamiento",,
hta_dx,Hipertensión arterial,opcion,30,"Sí, sin tratamiento",,
hta_dx,Hipertensión arterial,opcion,40,"Sí, abandonó tratamiento",,
dm_dx,Diabetes mellitus,opcion,10,Niega,,
dm_dx,Diabetes mellitus,opcion,20,Tipo 1,,
dm_dx,Diabetes mellitus,opcion,30,Tipo 2,,
dm_dx,Diabetes mellitus,opcion,40,Gestacional previa,,
dm_dx,Diabetes mellitus,opcion,50,"Sí, sin precisar tipo",,
asma_dx,Asma bronquial,opcion,10,Niega,,
asma_dx,Asma bronquial,opcion,20,"Sí, en tratamiento",,
asma_dx,Asma bronquial,opcion,30,"Sí, sin tratamiento",,
patologias,Otras patologías,opcion,10,Tuberculosis,,
patologias,Otras patologías,opcion,20,Hepatitis,,
patologias,Otras patologías,opcion,30,Neumonía,,
patologias,Otras patologías,opcion,40,Gastritis,,
patologias,Otras patologías,opcion,50,Úlcera péptica,,
patologias,Otras patologías,opcion,60,Litiasis renal,,
patologias,Otras patologías,opcion,70,Litiasis biliar,,
patologias,Otras patologías,opcion,80,Artrosis,,
patologias,Otras patologías,opcion,90,Gota,,
patologias,Otras patologías,opcion,100,Osteoporosis,,
patologias,Otras patologías,opcion,110,Hipotiroidismo,,
patologias,Otras patologías,opcion,120,Hipertiroidismo,,
patologias,Otras patologías,opcion,130,Accidente cerebrovascular,,
patologias,Otras patologías,opcion,140,Infarto de miocardio,,
patologias,Otras patologías,opcion,150,Insuficiencia cardíaca,,
patologias,Otras patologías,opcion,160,EPOC,,
patologias,Otras patologías,opcion,170,Cáncer,,
patologias,Otras patologías,opcion,180,VIH,,
patologias,Otras patologías,opcion,190,Enfermedad renal crónica,,
patologias,Otras patologías,opcion,200,Ninguna,,
adherencia,Adherencia al tratamiento,opcion,10,Buena,,
adherencia,Adherencia al tratamiento,opcion,20,Irregular,,
adherencia,Adherencia al tratamiento,opcion,30,Abandonó el tratamiento,,
parentesco,Parentesco,opcion,10,Padre,,
parentesco,Parentesco,opcion,20,Madre,,
parentesco,Parentesco,opcion,30,Hermano o hermana,,
parentesco,Parentesco,opcion,40,Hijo o hija,,
parentesco,Parentesco,opcion,50,Cónyuge,,
parentesco,Parentesco,opcion,60,Abuelo paterno,,
parentesco,Parentesco,opcion,70,Abuela paterna,,
parentesco,Parentesco,opcion,80,Abuelo materno,,
parentesco,Parentesco,opcion,90,Abuela materna,,
parentesco,Parentesco,opcion,100,Tío o tía,,
estado,Estado,opcion,10,Bueno,,
estado,Estado,opcion,20,Regular,,
estado,Estado,opcion,30,Malo,,
glasgow_ao,Glasgow · apertura ocular,escala,10,4,Espontánea,
glasgow_ao,Glasgow · apertura ocular,escala,20,3,A la orden verbal,
glasgow_ao,Glasgow · apertura ocular,escala,30,2,Al dolor,
glasgow_ao,Glasgow · apertura ocular,escala,40,1,Ninguna,
glasgow_rv,Glasgow · respuesta verbal,escala,10,5,Orientada,
glasgow_rv,Glasgow · respuesta verbal,escala,20,4,Confusa,
glasgow_rv,Glasgow · respuesta verbal,escala,30,3,Palabras inapropiadas,
glasgow_rv,Glasgow · respuesta verbal,escala,40,2,Sonidos incomprensibles,
glasgow_rv,Glasgow · respuesta verbal,escala,50,1,Ninguna,
glasgow_rm,Glasgow · respuesta motora,escala,10,6,Obedece órdenes,
glasgow_rm,Glasgow · respuesta motora,escala,20,5,Localiza el dolor,
glasgow_rm,Glasgow · respuesta motora,escala,30,4,Retira al dolor,
glasgow_rm,Glasgow · respuesta motora,escala,40,3,Flexión anormal (decorticación),
glasgow_rm,Glasgow · respuesta motora,escala,50,2,Extensión anormal (descerebración),
glasgow_rm,Glasgow · respuesta motora,escala,60,1,Ninguna,
eva,Dolor · escala visual análoga,escala,10,0,Sin dolor,Intensidad {valor}/10 en la escala visual análoga
eva,Dolor · escala visual análoga,escala,20,1,Leve,Intensidad {valor}/10 en la escala visual análoga
eva,Dolor · escala visual análoga,escala,30,2,Leve,Intensidad {valor}/10 en la escala visual análoga
eva,Dolor · escala visual análoga,escala,40,3,Leve,Intensidad {valor}/10 en la escala visual análoga
eva,Dolor · escala visual análoga,escala,50,4,Moderado,Intensidad {valor}/10 en la escala visual análoga
eva,Dolor · escala visual análoga,escala,60,5,Moderado,Intensidad {valor}/10 en la escala visual análoga
eva,Dolor · escala visual análoga,escala,70,6,Moderado,Intensidad {valor}/10 en la escala visual análoga
eva,Dolor · escala visual análoga,escala,80,7,Severo,Intensidad {valor}/10 en la escala visual análoga
eva,Dolor · escala visual análoga,escala,90,8,Severo,Intensidad {valor}/10 en la escala visual análoga
eva,Dolor · escala visual análoga,escala,100,9,Severo,Intensidad {valor}/10 en la escala visual análoga
eva,Dolor · escala visual análoga,escala,110,10,Máximo,Intensidad {valor}/10 en la escala visual análoga
godet,Edema con fóvea,escala,10,+/++++,"≈2 mm, recupera inmediato","Edema {valor} hasta {nivel}, {lateralidad}, con fóvea"
godet,Edema con fóvea,escala,20,++/++++,"≈4 mm, recupera en ~15 s","Edema {valor} hasta {nivel}, {lateralidad}, con fóvea"
godet,Edema con fóvea,escala,30,+++/++++,"≈6 mm, recupera en ~30 s","Edema {valor} hasta {nivel}, {lateralidad}, con fóvea"
godet,Edema con fóvea,escala,40,++++/++++,"≈8 mm, recupera en más de 1 min","Edema {valor} hasta {nivel}, {lateralidad}, con fóvea"
fuerza,Fuerza muscular (MRC),escala,10,0/5,Sin contracción,Fuerza muscular {valor}
fuerza,Fuerza muscular (MRC),escala,20,1/5,Contracción visible sin movimiento,Fuerza muscular {valor}
fuerza,Fuerza muscular (MRC),escala,30,2/5,Movimiento sin vencer gravedad,Fuerza muscular {valor}
fuerza,Fuerza muscular (MRC),escala,40,3/5,Vence la gravedad,Fuerza muscular {valor}
fuerza,Fuerza muscular (MRC),escala,50,4/5,Vence resistencia parcial,Fuerza muscular {valor}
fuerza,Fuerza muscular (MRC),escala,60,5/5,Fuerza normal,Fuerza muscular {valor}
rot,Reflejos osteotendinosos,escala,10,0,Abolido,Reflejos osteotendinosos {valor}/4+
rot,Reflejos osteotendinosos,escala,20,1+,Hipoactivo,Reflejos osteotendinosos {valor}/4+
rot,Reflejos osteotendinosos,escala,30,2+,Normal,Reflejos osteotendinosos {valor}/4+ simétricos
rot,Reflejos osteotendinosos,escala,40,3+,"Vivo, sin clonus",Reflejos osteotendinosos {valor}/4+
rot,Reflejos osteotendinosos,escala,50,4+,Exaltado con clonus,Reflejos osteotendinosos {valor}/4+
pulsos,Amplitud de pulsos,escala,10,0,Ausente,Pulsos {valor}/4+
pulsos,Amplitud de pulsos,escala,20,1+,Disminuido,Pulsos {valor}/4+
pulsos,Amplitud de pulsos,escala,30,2+,Normal,Pulsos {valor}/4+
pulsos,Amplitud de pulsos,escala,40,3+,Aumentado,Pulsos {valor}/4+
pulsos,Amplitud de pulsos,escala,50,4+,Saltón,Pulsos {valor}/4+
cruces,"Palidez, ictericia o cianosis",escala,10,+/+++,Leve,{hallazgo} {valor}
cruces,"Palidez, ictericia o cianosis",escala,20,++/+++,Moderada,{hallazgo} {valor}
cruces,"Palidez, ictericia o cianosis",escala,30,+++/+++,Intensa,{hallazgo} {valor}
levine,Intensidad de soplos (Levine),escala,10,I/VI,Apenas audible,Soplo de intensidad {valor} en la escala de Levine
levine,Intensidad de soplos (Levine),escala,20,II/VI,Leve pero clara,Soplo de intensidad {valor} en la escala de Levine
levine,Intensidad de soplos (Levine),escala,30,III/VI,"Moderada, sin frémito",Soplo de intensidad {valor} en la escala de Levine
levine,Intensidad de soplos (Levine),escala,40,IV/VI,Con frémito,Soplo de intensidad {valor} en la escala de Levine
levine,Intensidad de soplos (Levine),escala,50,V/VI,Audible con el borde del estetoscopio,Soplo de intensidad {valor} en la escala de Levine
levine,Intensidad de soplos (Levine),escala,60,VI/VI,Audible sin contacto,Soplo de intensidad {valor} en la escala de Levine
nyha,Disnea de esfuerzo (NYHA),escala,10,I,Sin limitación,Disnea en clase funcional {valor} de la NYHA
nyha,Disnea de esfuerzo (NYHA),escala,20,II,Síntomas con actividad ordinaria,Disnea en clase funcional {valor} de la NYHA
nyha,Disnea de esfuerzo (NYHA),escala,30,III,Síntomas con actividad menor que la ordinaria,Disnea en clase funcional {valor} de la NYHA
nyha,Disnea de esfuerzo (NYHA),escala,40,IV,Síntomas en reposo,Disnea en clase funcional {valor} de la NYHA
mmrc,Disnea crónica (mMRC),escala,10,0,Solo con ejercicio intenso,Disnea grado {valor} en la escala mMRC
mmrc,Disnea crónica (mMRC),escala,20,1,Al apurar el paso o subir cuesta,Disnea grado {valor} en la escala mMRC
mmrc,Disnea crónica (mMRC),escala,30,2,Camina más lento que sus pares,Disnea grado {valor} en la escala mMRC
mmrc,Disnea crónica (mMRC),escala,40,3,Se detiene tras 100 m,Disnea grado {valor} en la escala mMRC
mmrc,Disnea crónica (mMRC),escala,50,4,No sale de casa,Disnea grado {valor} en la escala mMRC
bristol,Consistencia de heces (Bristol),escala,10,1,Trozos duros separados,Heces tipo {valor} de la escala de Bristol
bristol,Consistencia de heces (Bristol),escala,20,2,Forma de salchicha grumosa,Heces tipo {valor} de la escala de Bristol
bristol,Consistencia de heces (Bristol),escala,30,3,Salchicha con grietas,Heces tipo {valor} de la escala de Bristol
bristol,Consistencia de heces (Bristol),escala,40,4,Lisa y blanda,Heces tipo {valor} de la escala de Bristol
bristol,Consistencia de heces (Bristol),escala,50,5,Trozos blandos de bordes definidos,Heces tipo {valor} de la escala de Bristol
bristol,Consistencia de heces (Bristol),escala,60,6,Trozos blandos de bordes irregulares,Heces tipo {valor} de la escala de Bristol
bristol,Consistencia de heces (Bristol),escala,70,7,Líquida,Heces tipo {valor} de la escala de Bristol
ecog,Capacidad funcional (ECOG),escala,10,0,Actividad normal,Estado funcional grado {valor} en la escala ECOG
ecog,Capacidad funcional (ECOG),escala,20,1,Limitado para esfuerzo intenso,Estado funcional grado {valor} en la escala ECOG
ecog,Capacidad funcional (ECOG),escala,30,2,En cama menos del 50 % del día,Estado funcional grado {valor} en la escala ECOG
ecog,Capacidad funcional (ECOG),escala,40,3,En cama más del 50 % del día,Estado funcional grado {valor} en la escala ECOG
ecog,Capacidad funcional (ECOG),escala,50,4,Encamado,Estado funcional grado {valor} en la escala ECOG
deshidratacion,Grado de deshidratación,escala,10,Leve,Pérdida de hasta 5 % del peso corporal,Deshidratación {valor}
deshidratacion,Grado de deshidratación,escala,20,Moderada,"Pérdida de 5 a 10 %: oliguria, ojos hundidos, hipotensión postural",Deshidratación {valor}
deshidratacion,Grado de deshidratación,escala,30,Grave,"Pérdida de más de 10 %: hipotensión en decúbito, compromiso neurológico",Deshidratación {valor}
conciencia,Estado de conciencia,escala,10,Lúcido,Despierto y orientado,
conciencia,Estado de conciencia,escala,20,Somnoliento,Despierta al llamado,
conciencia,Estado de conciencia,escala,30,Obnubilado,Respuestas lentas y desorientadas,
conciencia,Estado de conciencia,escala,40,Estuporoso,Solo responde al dolor,
conciencia,Estado de conciencia,escala,50,Comatoso,No responde,
mv,Murmullo vesicular,escala,10,Conservado,Pasa en ambos campos,Murmullo vesicular {valor} en ambos campos pulmonares
mv,Murmullo vesicular,escala,20,Disminuido,En una zona o difuso,Murmullo vesicular {valor} en {localizacion}
mv,Murmullo vesicular,escala,30,Abolido,Ausente,Murmullo vesicular {valor} en {localizacion}
agregados,Ruidos agregados,escala,10,Crepitantes,"Finos, no se modifican con la tos",Se auscultan {valor} en {localizacion}
agregados,Ruidos agregados,escala,20,Subcrepitantes,"Húmedos, cambian con la tos",Se auscultan {valor} en {localizacion}
agregados,Ruidos agregados,escala,30,Sibilancias,"Espiratorias, tono alto",Se auscultan {valor} en {localizacion}
agregados,Ruidos agregados,escala,40,Roncantes,Tono bajo,Se auscultan {valor} en {localizacion}
agregados,Ruidos agregados,escala,50,Frote pleural,Roce con la respiración,Se ausculta {valor} en {localizacion}
agregados,Ruidos agregados,escala,60,Soplo tubárico,Sobre condensación,Se ausculta {valor} en {localizacion}
agregados,Ruidos agregados,escala,70,Ninguno,Sin ruidos agregados,Sin ruidos agregados
sintoma,Síntomas (teoría),opcion,10,Dolor torácico,"Dolor en el tórax; origen cardíaco, pleural o parietal",
sintoma,Síntomas (teoría),opcion,20,Dolor precordial,Dolor precordial o retroesternal; típico de isquemia,
sintoma,Síntomas (teoría),opcion,30,Dolor pleurítico,Dolor punzante «en puntada de costado»; aumenta al respirar,
sintoma,Síntomas (teoría),opcion,40,Dolor abdominal,"Dolor en el abdomen; visceral, parietal o referido",
sintoma,Síntomas (teoría),opcion,50,Epigastralgia,Dolor en el epigastrio,
sintoma,Síntomas (teoría),opcion,60,Dolor hepático,Dolor continuo en hipocondrio derecho (cápsula de Glisson),
sintoma,Síntomas (teoría),opcion,70,Cólico biliar,Dolor espasmódico súbito en hipocondrio derecho,
sintoma,Síntomas (teoría),opcion,80,Dolor pancreático,"Dolor lancinante epigástrico en barra, irradiado al dorso",
sintoma,Síntomas (teoría),opcion,90,Cólico renal,Dolor lancinante lumbar súbito irradiado a ingle o genitales,
sintoma,Síntomas (teoría),opcion,100,Lumbalgia,"Dolor en la región lumbar, a menudo muscular",
sintoma,Síntomas (teoría),opcion,110,Dolor lumbar,Dolor profundo lumbar; empeora de pie y al final del día,
sintoma,Síntomas (teoría),opcion,120,Dolor vesical,Dolor suprapúbico; con deseo de orinar,
sintoma,Síntomas (teoría),opcion,130,Cefalea,Dolor en la bóveda craneal y la región cervical,
sintoma,Síntomas (teoría),opcion,140,Otalgia,Dolor de oído,
sintoma,Síntomas (teoría),opcion,150,Odinofagia,Dolor al deglutir,
sintoma,Síntomas (teoría),opcion,160,Claudicación intermitente,Dolor tipo calambre en la pantorrilla al caminar,
sintoma,Síntomas (teoría),opcion,170,Disnea,Sensación subjetiva de dificultad para respirar,
sintoma,Síntomas (teoría),opcion,180,Disnea de esfuerzo,"Disnea a grandes, medianos o pequeños esfuerzos",
sintoma,Síntomas (teoría),opcion,190,Ortopnea,Disnea en decúbito que obliga a sentarse,
sintoma,Síntomas (teoría),opcion,200,Disnea paroxística nocturna,Disnea que aparece de noche tras horas de sueño,
sintoma,Síntomas (teoría),opcion,210,Trepopnea,Disnea en un decúbito lateral que mejora en el otro,
sintoma,Síntomas (teoría),opcion,220,Tos,Espiración forzada refleja; seca o productiva,
sintoma,Síntomas (teoría),opcion,230,Expectoración,Eliminación por la tos de material de la vía aérea,
sintoma,Síntomas (teoría),opcion,240,Hemoptisis,Sangre roja rutilante expulsada con la tos,
sintoma,Síntomas (teoría),opcion,250,Sibilancias,Ruido espiratorio musical,
sintoma,Síntomas (teoría),opcion,260,Disfonía,Voz ronca o delgada,
sintoma,Síntomas (teoría),opcion,270,Palpitaciones,Percepción consciente y desagradable de los propios latidos,
sintoma,Síntomas (teoría),opcion,280,Síncope,Pérdida súbita y transitoria de conciencia,
sintoma,Síntomas (teoría),opcion,290,Lipotimia,Sensación de desmayo sin pérdida de conciencia,
sintoma,Síntomas (teoría),opcion,300,Edema,Acumulación de líquido en el intersticio,
sintoma,Síntomas (teoría),opcion,310,Anasarca,Edema generalizado,
sintoma,Síntomas (teoría),opcion,320,Astenia,Cansancio o fatiga,
sintoma,Síntomas (teoría),opcion,330,Fiebre,Alza térmica,
sintoma,Síntomas (teoría),opcion,340,Pérdida de peso,Enflaquecimiento,
sintoma,Síntomas (teoría),opcion,350,Anorexia,Pérdida del apetito,
sintoma,Síntomas (teoría),opcion,360,Pirosis,Ardor retroesternal ascendente hasta la faringe,
sintoma,Síntomas (teoría),opcion,370,Acidez,Ardor epigástrico que mejora con antiácidos,
sintoma,Síntomas (teoría),opcion,380,Dispepsia,Síntomas que el paciente atribuye a mala digestión,
sintoma,Síntomas (teoría),opcion,390,Saciedad precoz,Se llena rápidamente,
sintoma,Síntomas (teoría),opcion,400,Náuseas,Sensación de deseo inminente de vomitar,
sintoma,Síntomas (teoría),opcion,410,Vómitos,Expulsión forzada del contenido gástrico por la boca,
sintoma,Síntomas (teoría),opcion,420,Regurgitación,Retorno gástrico a la boca sin náuseas ni arcadas,
sintoma,Síntomas (teoría),opcion,430,Meteorismo,Distensión del abdomen por gas,
sintoma,Síntomas (teoría),opcion,440,Eructación,Expulsión ruidosa por la boca del aire gástrico,
sintoma,Síntomas (teoría),opcion,450,Distensión abdominal,Abdomen distendido,
sintoma,Síntomas (teoría),opcion,460,Diarrea,Deposiciones de menor consistencia y mayor frecuencia,
sintoma,Síntomas (teoría),opcion,470,Estreñimiento,Evacuación difícil con heces duras,
sintoma,Síntomas (teoría),opcion,480,Tenesmo,Contracción espasmódica del recto sin eliminar heces,
sintoma,Síntomas (teoría),opcion,490,Hematemesis,Sangre con el vómito,
sintoma,Síntomas (teoría),opcion,500,Melena,Heces negras como brea,
sintoma,Síntomas (teoría),opcion,510,Enterorragia,Sangre roja por el ano,
sintoma,Síntomas (teoría),opcion,520,Ictericia,"Coloración amarilla de piel, escleróticas y mucosas",
sintoma,Síntomas (teoría),opcion,530,Coluria,"Orina oscura, «como coca-cola»",
sintoma,Síntomas (teoría),opcion,540,Acolia,"Heces blanquecinas, «como masilla»",
sintoma,Síntomas (teoría),opcion,550,Disfagia,Dificultad para tragar,
sintoma,Síntomas (teoría),opcion,560,Disuria,"Micción con dolor, ardor o tenesmo",
sintoma,Síntomas (teoría),opcion,570,Polaquiuria,Micciones repetidas sin aumento del volumen total,
sintoma,Síntomas (teoría),opcion,580,Urgencia miccional,Necesidad imperiosa de orinar,
sintoma,Síntomas (teoría),opcion,590,Nicturia,Aumento de las micciones nocturnas,
sintoma,Síntomas (teoría),opcion,600,Oliguria,Diuresis menor de 400 ml en 24 horas,
sintoma,Síntomas (teoría),opcion,610,Anuria,Diuresis menor de 100 ml en 24 horas,
sintoma,Síntomas (teoría),opcion,620,Poliuria,Diuresis mayor de 2000 ml en 24 horas,
sintoma,Síntomas (teoría),opcion,630,Tenesmo vesical,Sensación de vaciamiento vesical insuficiente,
sintoma,Síntomas (teoría),opcion,640,Incontinencia urinaria,Eliminación involuntaria de orina,
sintoma,Síntomas (teoría),opcion,650,Retención urinaria,Falta de eliminación de la orina,
sintoma,Síntomas (teoría),opcion,660,Hematuria,Sangre en la orina,
sintoma,Síntomas (teoría),opcion,670,Orina espumosa,Orina con aumento de espuma,
sintoma,Síntomas (teoría),opcion,680,Vértigo,Sensación ilusoria de movimiento rotatorio,
sintoma,Síntomas (teoría),opcion,690,Mareo,Alteración de la orientación sin ilusión de movimiento,
sintoma,Síntomas (teoría),opcion,700,Acúfenos,Zumbidos sin estímulo externo,
sintoma,Síntomas (teoría),opcion,710,Hipoacusia,Pérdida acentuada de la audición,
sintoma,Síntomas (teoría),opcion,720,Epistaxis,Sangrado nasal,
sintoma,Síntomas (teoría),opcion,730,Parestesias,Hormigueo o adormecimiento,
sintoma,Síntomas (teoría),opcion,740,Intolerancia al frío,Hipersensibilidad al frío,
localizacion,Localización e irradiación,opcion,10,la región frontal,,
localizacion,Localización e irradiación,opcion,20,la región temporal,,
localizacion,Localización e irradiación,opcion,30,la región frontotemporal,,
localizacion,Localización e irradiación,opcion,40,la región occipital,,
localizacion,Localización e irradiación,opcion,50,la región ocular,,
localizacion,Localización e irradiación,opcion,60,el hemicráneo derecho,,
localizacion,Localización e irradiación,opcion,70,el hemicráneo izquierdo,,
localizacion,Localización e irradiación,opcion,80,toda la cabeza,Holocraneana,
localizacion,Localización e irradiación,opcion,90,el trayecto del nervio trigémino,,
localizacion,Localización e irradiación,opcion,100,la mandíbula,,
localizacion,Localización e irradiación,opcion,110,el pabellón auricular izquierdo,,
localizacion,Localización e irradiación,opcion,120,la faringe,,
localizacion,Localización e irradiación,opcion,130,el cuello,,
localizacion,Localización e irradiación,opcion,140,la línea media del cuello,,
localizacion,Localización e irradiación,opcion,150,la región precordial,,
localizacion,Localización e irradiación,opcion,160,la región retroesternal,,
localizacion,Localización e irradiación,opcion,170,la región mamilar,,
localizacion,Localización e irradiación,opcion,180,las articulaciones condrocostales,,
localizacion,Localización e irradiación,opcion,190,el costado derecho,,
localizacion,Localización e irradiación,opcion,200,el costado izquierdo,,
localizacion,Localización e irradiación,opcion,210,la región supraclavicular,,
localizacion,Localización e irradiación,opcion,220,la región infraclavicular,,
localizacion,Localización e irradiación,opcion,230,la región interescapular,,
localizacion,Localización e irradiación,opcion,240,la región dorsal,,
localizacion,Localización e irradiación,opcion,250,el ángulo de la escápula derecha,,
localizacion,Localización e irradiación,opcion,260,la región lumbar,,
localizacion,Localización e irradiación,opcion,270,el ángulo costovertebral,,
localizacion,Localización e irradiación,opcion,280,la columna,,
localizacion,Localización e irradiación,opcion,290,la región sacra,,
localizacion,Localización e irradiación,opcion,300,la región glútea,,
localizacion,Localización e irradiación,opcion,310,el epigastrio,,
localizacion,Localización e irradiación,opcion,320,el hipocondrio derecho,,
localizacion,Localización e irradiación,opcion,330,el hipocondrio izquierdo,,
localizacion,Localización e irradiación,opcion,340,el mesogastrio,,
localizacion,Localización e irradiación,opcion,350,la región periumbilical,,
localizacion,Localización e irradiación,opcion,360,el flanco derecho,,
localizacion,Localización e irradiación,opcion,370,el flanco izquierdo,,
localizacion,Localización e irradiación,opcion,380,la fosa ilíaca derecha,,
localizacion,Localización e irradiación,opcion,390,la fosa ilíaca izquierda,,
localizacion,Localización e irradiación,opcion,400,el hipogastrio,,
localizacion,Localización e irradiación,opcion,410,la región suprapúbica,,
localizacion,Localización e irradiación,opcion,420,la región infraumbilical,,
localizacion,Localización e irradiación,opcion,430,todo el abdomen,Difuso,
localizacion,Localización e irradiación,opcion,440,la región inguinal,,
localizacion,Localización e irradiación,opcion,450,el testículo,,
localizacion,Localización e irradiación,opcion,460,los labios mayores,,
localizacion,Localización e irradiación,opcion,470,la uretra y el meato,,
localizacion,Localización e irradiación,opcion,480,el recto,,
localizacion,Localización e irradiación,opcion,490,el periné,,
localizacion,Localización e irradiación,opcion,500,el hombro derecho,,
localizacion,Localización e irradiación,opcion,510,el hombro izquierdo,,
localizacion,Localización e irradiación,opcion,520,el brazo y antebrazo izquierdos,,
localizacion,Localización e irradiación,opcion,530,el miembro inferior derecho,,
localizacion,Localización e irradiación,opcion,540,el miembro inferior izquierdo,,
localizacion,Localización e irradiación,opcion,550,ambos miembros inferiores,,
localizacion,Localización e irradiación,opcion,560,la pantorrilla,,
dolor_caracter,Carácter del dolor,opcion,10,opresivo,«Como si algo apretara»; isquemia miocárdica,
dolor_caracter,Carácter del dolor,opcion,20,constrictivo,Sinónimo de opresivo; angina de pecho,
dolor_caracter,Carácter del dolor,opcion,30,urente,Ardor o quemazón; gastritis y úlcera péptica,
dolor_caracter,Carácter del dolor,opcion,40,quemante,Sinónimo de urente,
dolor_caracter,Carácter del dolor,opcion,50,punzante,"Bien localizado; pleurítico, condrocostal",
dolor_caracter,Carácter del dolor,opcion,60,lancinante,"«Como si atravesara una lanza»; pancreatitis, cólico renal",
dolor_caracter,Carácter del dolor,opcion,70,terebrante,«Como un taladro»; úlcera péptica,
dolor_caracter,Carácter del dolor,opcion,80,cólico,"Contracción de músculo liso; intestino, vía biliar, uréter",
dolor_caracter,Carácter del dolor,opcion,90,espasmódico,"Cólico biliar: súbito, intenso, dura horas",
dolor_caracter,Carácter del dolor,opcion,100,pulsátil,Típico de la cefalea,
dolor_caracter,Carácter del dolor,opcion,110,fulgurante,«Corriente eléctrica»,
dolor_caracter,Carácter del dolor,opcion,120,en descarga eléctrica,Sigue el trigémino; neuralgia,
dolor_caracter,Carácter del dolor,opcion,130,sordo,"Vago, profundo, sin localización precisa",
dolor_caracter,Carácter del dolor,opcion,140,gravativo,«Peso que jala hacia abajo»; visceromegalia,
dolor_caracter,Carácter del dolor,opcion,150,tipo calambre,Claudicación intermitente,
dolor_caracter,Carácter del dolor,opcion,160,explosivo,Cefalea «la peor de su vida»,
dolor_caracter,Carácter del dolor,opcion,170,transfixiante,Que atraviesa,
dolor_caracter,Carácter del dolor,opcion,180,desgarrante,Como un desgarro,
patron_sintoma,Presentación del síntoma,opcion,10,de curso continuo,Persistente,
patron_sintoma,Presentación del síntoma,opcion,20,de curso intermitente,Alterna con pausas,
patron_sintoma,Presentación del síntoma,opcion,30,de presentación paroxística,En crisis,
patron_sintoma,Presentación del síntoma,opcion,40,en episodios recurrentes,Ataques repetidos; precisar periodicidad,
patron_sintoma,Presentación del síntoma,opcion,50,en episodio único,,
patron_sintoma,Presentación del síntoma,opcion,60,en accesos,Tos quintosa,
patron_sintoma,Presentación del síntoma,opcion,70,de predominio nocturno,,
patron_sintoma,Presentación del síntoma,opcion,80,de predominio matutino,,
patron_sintoma,Presentación del síntoma,opcion,90,de predominio vespertino,,
patron_sintoma,Presentación del síntoma,opcion,100,de aparición posprandial,Tras comer,
patron_sintoma,Presentación del síntoma,opcion,110,que aparece con el esfuerzo,,
patron_sintoma,Presentación del síntoma,opcion,120,que aparece en reposo,,
patron_sintoma,Presentación del síntoma,opcion,130,con horario fijo,,
patron_sintoma,Presentación del síntoma,opcion,140,en racimos,Varias crisis breves al día,
patron_sintoma,Presentación del síntoma,opcion,150,en relación con la menstruación,,
patron_sintoma,Presentación del síntoma,opcion,160,de carácter transitorio,,
patron_sintoma,Presentación del síntoma,opcion,170,diario,Cefalea crónica diaria,
agravante,Se exacerba con,opcion,10,la tos,,
agravante,Se exacerba con,opcion,20,la respiración,,
agravante,Se exacerba con,opcion,30,la inspiración profunda,,
agravante,Se exacerba con,opcion,40,los cambios de postura,,
agravante,Se exacerba con,opcion,50,la flexión del tronco,,
agravante,Se exacerba con,opcion,60,la bipedestación,,
agravante,Se exacerba con,opcion,70,la posición erecta,,
agravante,Se exacerba con,opcion,80,la deglución,,
agravante,Se exacerba con,opcion,90,el decúbito dorsal,,
agravante,Se exacerba con,opcion,100,el decúbito,,
agravante,Se exacerba con,opcion,110,el decúbito lateral,,
agravante,Se exacerba con,opcion,120,el esfuerzo físico,,
agravante,Se exacerba con,opcion,130,la marcha,,
agravante,Se exacerba con,opcion,140,el movimiento,,
agravante,Se exacerba con,opcion,150,la palpación,,
agravante,Se exacerba con,opcion,160,el estrés,,
agravante,Se exacerba con,opcion,170,las emociones,,
agravante,Se exacerba con,opcion,180,el frío,,
agravante,Se exacerba con,opcion,190,las comidas copiosas,,
agravante,Se exacerba con,opcion,200,la ingesta de alimentos grasos,,
agravante,Se exacerba con,opcion,210,la ingesta de alimentos,,
agravante,Se exacerba con,opcion,220,las transgresiones alimentarias,,
agravante,Se exacerba con,opcion,230,el alcohol,,
agravante,Se exacerba con,opcion,240,los antiinflamatorios no esteroideos,,
agravante,Se exacerba con,opcion,250,el ayuno,,
agravante,Se exacerba con,opcion,260,la exposición al sol,,
agravante,Se exacerba con,opcion,270,los olores,,
atenuante,Cede con,opcion,10,el reposo,,
atenuante,Cede con,opcion,20,el decúbito,,
atenuante,Cede con,opcion,30,la inmovilidad,,
atenuante,Cede con,opcion,40,los analgésicos,,
atenuante,Cede con,opcion,50,los antiácidos,,
atenuante,Cede con,opcion,60,los nitratos sublinguales,,
atenuante,Cede con,opcion,70,la posición genupectoral,,
atenuante,Cede con,opcion,80,la inclinación del tórax hacia adelante,,
atenuante,Cede con,opcion,90,la cabecera elevada,,
atenuante,Cede con,opcion,100,sentarse o ponerse de pie,,
atenuante,Cede con,opcion,110,el decúbito sobre el lado afectado,,
atenuante,Cede con,opcion,120,el eructo,,
atenuante,Cede con,opcion,130,el vómito,,
atenuante,Cede con,opcion,140,el sueño,,
atenuante,Cede con,opcion,150,la elevación de las piernas,,
respuesta_tto,Respuesta al tratamiento,opcion,10,con mejoría parcial,,
respuesta_tto,Respuesta al tratamiento,opcion,20,con mejoría total,,
respuesta_tto,Respuesta al tratamiento,opcion,30,sin mejoría,,
respuesta_tto,Respuesta al tratamiento,opcion,40,con empeoramiento,,
respuesta_tto,Respuesta al tratamiento,opcion,50,no recibió tratamiento,,
llenado_capilar,Llenado capilar,opcion,10,Menor de 2 segundos,Normal,
llenado_capilar,Llenado capilar,opcion,20,De 2 segundos,Límite,
llenado_capilar,Llenado capilar,opcion,30,Mayor de 2 y hasta 3 segundos,"Prolongado, signo de hipoperfusión: deshidratación, shock, enfermedad vascular, hipotermia",
llenado_capilar,Llenado capilar,opcion,40,Mayor de 3 segundos,Muy prolongado: sepsis y shock séptico,
f_ectoscopia,Frases · ectoscopía,frase,10,n,"Paciente en aparente buen estado general, buen estado nutricional y buen estado de hidratación, que aparenta la edad que refiere. Despierto, lúcido, orientado en tiempo, espacio y persona, colaborador al interrogatorio.",
f_ectoscopia,Frases · ectoscopía,frase,20,a1,Con apoyo oxigenatorio por cánula binasal con una fracción inspirada de oxígeno de {fio2}.,
f_ectoscopia,Frases · ectoscopía,frase,30,a2,Porta vía periférica permeable en ,
f_ectoscopia,Frases · ectoscopía,frase,40,a3,Paciente en aparente mal estado general.,
f_ectoscopia,Frases · ectoscopía,frase,50,a4,"Somnoliento, despierta y obedece órdenes al estimularlo.",
f_ectoscopia,Frases · ectoscopía,frase,60,a5,"En decúbito pasivo, no cambia de posición por sí mismo.",
f_ectoscopia,Frases · ectoscopía,frase,70,a6,"Adopta posición de ortopnea, sentado o semisentado.",
f_ectoscopia,Frases · ectoscopía,frase,80,a7,Adopta decúbito forzado {decubito}.,
f_ectoscopia,Frases · ectoscopía,frase,90,a8,Facies {facies}.,
f_ectoscopia,Frases · ectoscopía,frase,100,a9,Piel y mucosas pálidas.,
f_ectoscopia,Frases · ectoscopía,frase,110,a10,"Ictericia en piel, mucosas y escleróticas.",
f_ectoscopia,Frases · ectoscopía,frase,120,a11,"Cianosis en labios, punta de la nariz, lóbulos de la oreja y pulpejos de los dedos.",
f_ectoscopia,Frases · ectoscopía,frase,130,a12,"Piel seca con elasticidad y turgor disminuidos, signo del pliegue positivo; mucosas secas.",
f_ectoscopia,Frases · ectoscopía,frase,140,a13,"Adenopatías palpables en región {region_ganglio}, de {cm} cm.",
f_cabeza,Frases · cabeza,frase,10,n,"Normocéfalo, sin deformidades ni cicatrices. Cabello de implantación normal. Cuero cabelludo sin lesiones.",
f_cabeza,Frases · cabeza,frase,20,a1,Se palpan puntos dolorosos en ,
f_cabeza,Frases · cabeza,frase,30,a2,Cabeza inclinada lateralmente.,
f_cabeza,Frases · cabeza,frase,40,a3,Signo de Musset: leve flexión de la cabeza sincrónica con cada latido.,
f_cabeza,Frases · cabeza,frase,50,a4,Cuero cabelludo con {cuero}.,
f_cabeza,Frases · cabeza,frase,60,a5,Asimetría facial.,
f_cabeza,Frases · cabeza,frase,70,a6,"Hemicara {lado_f} con borramiento de arrugas frontales, ceja descendida, cierre palpebral incompleto, surco nasogeniano borrado y comisura labial desviada al lado sano.",
f_cabeza,Frases · cabeza,frase,80,a7,Edema facial.,
f_cabeza,Frases · cabeza,frase,90,a8,Eritema en alas de mariposa sobre mejillas y nariz.,
f_cabeza,Frases · cabeza,frase,100,a9,Signo de Chvostek positivo.,
f_cabeza,Frases · cabeza,frase,110,a10,Madarosis.,
f_ojos,Frases · ojos,frase,10,n,"Simétricos, sin edema palpebral. Conjuntivas rosadas. Escleras anictéricas. Pupilas isocóricas de 3 mm, reactivas a la luz y a la acomodación. Movimientos oculares conservados.",
f_ojos,Frases · ojos,frase,20,a1,Conjuntivas pálidas ,
f_ojos,Frases · ojos,frase,30,a2,Escleras ictéricas ,
f_ojos,Frases · ojos,frase,40,a3,Conjuntivas hiperémicas.,
f_ojos,Frases · ojos,frase,50,a4,Exoftalmos {lado}.,
f_ojos,Frases · ojos,frase,60,a5,Ptosis palpebral {lado_f}.,
f_ojos,Frases · ojos,frase,70,a6,Pupilas anisocóricas: derecha de {pupila_d} mm e izquierda de {pupila_i} mm.,
f_ojos,Frases · ojos,frase,80,a7,Miosis bilateral.,
f_ojos,Frases · ojos,frase,90,a8,Midriasis {lado_f}.,
f_ojos,Frases · ojos,frase,100,a9,Reflejo fotomotor ausente en ojo {lado}.,
f_ojos,Frases · ojos,frase,110,a10,Edema palpebral {lado}.,
f_ojos,Frases · ojos,frase,120,a11,Xantelasma en párpado {lado}.,
f_ojos,Frases · ojos,frase,130,a12,Pterigión en ojo {lado}.,
f_ojos,Frases · ojos,frase,140,a13,Opacidad del cristalino en ojo {lado}.,
f_nariz,Frases · nariz,frase,10,n,"Fosas nasales permeables, mucosa rosada, sin secreciones ni epistaxis. Senos paranasales no dolorosos a la palpación.",
f_nariz,Frases · nariz,frase,20,a1,Presenta aleteo nasal.,
f_nariz,Frases · nariz,frase,30,a2,Nariz en silla de montar.,
f_nariz,Frases · nariz,frase,40,a3,Rinofima.,
f_nariz,Frases · nariz,frase,50,a4,Fosa nasal {lado_f} no permeable.,
f_nariz,Frases · nariz,frase,60,a5,Rinorrea {rinorrea}.,
f_nariz,Frases · nariz,frase,70,a6,Dolor a la presión sobre los pómulos.,
f_nariz,Frases · nariz,frase,80,a7,Epistaxis por fosa nasal {lado_f}.,
f_nariz,Frases · nariz,frase,90,a8,Hiposmia {lado_f}.,
f_oidos,Frases · oídos,frase,10,n,"Pabellones auriculares de implantación normal, conductos permeables sin secreciones. Audición conservada bilateral.",
f_oidos,Frases · oídos,frase,20,a1,Tapón de cerumen en conducto auditivo {lado}.,
f_oidos,Frases · oídos,frase,30,a2,Membrana timpánica {lado_f} {timpano}.,
f_oidos,Frases · oídos,frase,40,a3,Otorrea {otorrea} por oído {lado}.,
f_oidos,Frases · oídos,frase,50,a4,Otorragia por oído {lado}.,
f_oidos,Frases · oídos,frase,60,a5,Dolor a la presión de la apófisis mastoides {lado_f}.,
f_oidos,Frases · oídos,frase,70,a6,Tofos en pabellón auricular {lado}.,
f_oidos,Frases · oídos,frase,80,a7,Disminución de la agudeza auditiva en oído {lado} a la voz cuchicheada.,
f_oidos,Frases · oídos,frase,90,a8,Weber lateralizado hacia oído {lado}.,
f_oidos,Frases · oídos,frase,100,a9,Rinne patológico en oído {lado}.,
f_boca,Frases · boca,frase,10,n,"Labios de coloración normal, mucosa oral húmeda. Dentadura en regular estado de conservación. Lengua húmeda, sin saburra. Orofaringe sin congestión, amígdalas no hipertróficas.",
f_boca,Frases · boca,frase,20,a1,Mucosa oral seca. Lengua saburral.,
f_boca,Frases · boca,frase,30,a2,Cianosis peribucal.,
f_boca,Frases · boca,frase,40,a3,Labios pálidos.,
f_boca,Frases · boca,frase,50,a4,Queilitis angular.,
f_boca,Frases · boca,frase,60,a5,Herpes labial.,
f_boca,Frases · boca,frase,70,a6,Placas blancas adherentes en mucosa oral.,
f_boca,Frases · boca,frase,80,a7,Faringe eritematosa.,
f_boca,Frases · boca,frase,90,a8,Amígdalas hipertróficas y supuradas.,
f_boca,Frases · boca,frase,100,a9,Lengua desviada hacia la {lado_f} al protruirla.,
f_boca,Frases · boca,frase,110,a10,"Encías eritematosas, esponjosas y sangrantes.",
f_boca,Frases · boca,frase,120,a11,Piezas dentarias ausentes.,
f_boca,Frases · boca,frase,130,a12,Aliento {aliento}.,
f_boca,Frases · boca,frase,140,a13,Halitosis.,
f_cuello,Frases · cuello,frase,10,n,"Cilíndrico, móvil, sin rigidez de nuca. Tráquea centrada. Tiroides no palpable. No se palpan adenopatías. Sin ingurgitación yugular. No se auscultan soplos carotídeos.",
f_cuello,Frases · cuello,frase,20,a1,"Ingurgitación yugular a 45° hasta {cm} cm sobre el ángulo esternal, con reflujo hepatoyugular positivo.",
f_cuello,Frases · cuello,frase,30,a2,Se palpan adenopatías en cadena ,
f_cuello,Frases · cuello,frase,40,a3,Reflujo hepatoyugular positivo.,
f_cuello,Frases · cuello,frase,50,a4,Signo de Kussmaul positivo: la ingurgitación yugular aumenta con la inspiración.,
f_cuello,Frases · cuello,frase,60,a5,Latidos carotídeos amplios y visibles (danza arterial).,
f_cuello,Frases · cuello,frase,70,a6,Frémito palpable en región {region_cuello} del cuello.,
f_cuello,Frases · cuello,frase,80,a7,Soplo sistólico en trayecto carotídeo {lado}.,
f_cuello,Frases · cuello,frase,90,a8,"Aumento de volumen tiroideo {tiroides}, móvil con la deglución.",
f_cuello,Frases · cuello,frase,100,a9,"Adenopatía en cadena {cadena}, de {cm} cm.",
f_cuello,Frases · cuello,frase,110,a10,Adenopatía supraclavicular izquierda.,
f_cuello,Frases · cuello,frase,120,a11,Rigidez de nuca.,
f_torax_i,Frases · tórax inspección,frase,10,n,"Tórax simétrico, de configuración normal, con amplexación conservada. Sin tiraje ni retracciones. Sin cicatrices ni circulación colateral.",
f_torax_i,Frases · tórax inspección,frase,20,a1,Respiración superficial con tiraje intercostal y uso de musculatura accesoria.,
f_torax_i,Frases · tórax inspección,frase,30,a2,"Tórax en tonel, con diámetro anteroposterior aumentado.",
f_torax_i,Frases · tórax inspección,frase,40,a3,Tórax excavado.,
f_torax_i,Frases · tórax inspección,frase,50,a4,Tórax en quilla.,
f_torax_i,Frases · tórax inspección,frase,60,a5,Abombamiento del hemitórax {lado}.,
f_torax_i,Frases · tórax inspección,frase,70,a6,Retracción del hemitórax {lado}.,
f_torax_i,Frases · tórax inspección,frase,80,a7,Hemitórax {lado} con menor movilidad que el contralateral.,
f_torax_i,Frases · tórax inspección,frase,90,a8,"Taquipnea de {fr} respiraciones por minuto, respiración superficial.",
f_torax_i,Frases · tórax inspección,frase,100,a9,Respiración de {patron_resp}.,
f_torax_i,Frases · tórax inspección,frase,110,a10,Circulación venosa colateral en pared torácica.,
f_torax_i,Frases · tórax inspección,frase,120,a11,Cifoescoliosis.,
f_torax_i,Frases · tórax inspección,frase,130,a12,Cicatriz quirúrgica en hemitórax {lado}.,
f_torax_p,Frases · tórax palpación,frase,10,n,Vibraciones vocales conservadas y simétricas. Expansibilidad conservada. Sin dolor a la palpación de parrilla costal.,
f_torax_p,Frases · tórax palpación,frase,20,a1,Vibraciones vocales disminuidas en ,
f_torax_p,Frases · tórax palpación,frase,30,a2,Expansibilidad disminuida en hemitórax {lado}.,
f_torax_p,Frases · tórax palpación,frase,40,a3,Expansibilidad disminuida bilateralmente.,
f_torax_p,Frases · tórax palpación,frase,50,a4,Vibraciones vocales aumentadas en {localizacion}.,
f_torax_p,Frases · tórax palpación,frase,60,a5,Vibraciones vocales abolidas en {localizacion}.,
f_torax_p,Frases · tórax palpación,frase,70,a6,Crepitación subcutánea a la palpación en {localizacion}.,
f_torax_p,Frases · tórax palpación,frase,80,a7,Dolor a la palpación en {localizacion}.,
f_torax_pe,Frases · tórax percusión,frase,10,n,Sonoridad pulmonar conservada en ambos campos.,
f_torax_pe,Frases · tórax percusión,frase,20,a1,Matidez en ,
f_torax_pe,Frases · tórax percusión,frase,30,a2,Hipersonoridad en ,
f_torax_pe,Frases · tórax percusión,frase,40,a3,Submatidez en {localizacion}.,
f_torax_pe,Frases · tórax percusión,frase,50,a4,Hipersonoridad bilateral.,
f_torax_pe,Frases · tórax percusión,frase,60,a5,Timpanismo en hemitórax {lado}.,
f_torax_pe,Frases · tórax percusión,frase,70,a6,Matidez en {localizacion} con hipersonoridad por encima de su borde superior.,
f_torax_a,Frases · tórax auscultación,frase,10,n,"Transmisión de la voz conservada, sin broncofonía, egofonía ni pectoriloquia.",
f_torax_a,Frases · tórax auscultación,frase,20,a1,Espiración prolongada.,
f_torax_a,Frases · tórax auscultación,frase,30,a2,"Crepitantes finos al final de la inspiración en {localizacion}, que no se modifican con la tos.",
f_torax_a,Frases · tórax auscultación,frase,40,a3,"Subcrepitantes en {localizacion}, que se modifican con la tos.",
f_torax_a,Frases · tórax auscultación,frase,50,a4,"Roncantes en {localizacion}, que se modifican con la tos.",
f_torax_a,Frases · tórax auscultación,frase,60,a5,Sibilancias espiratorias difusas.,
f_torax_a,Frases · tórax auscultación,frase,70,a6,Soplo tubárico en {localizacion}.,
f_torax_a,Frases · tórax auscultación,frase,80,a7,"Frote pleural en región axilar inferior {lado_f}, en ambos tiempos respiratorios.",
f_torax_a,Frases · tórax auscultación,frase,90,a8,Broncofonía en {localizacion}.,
f_torax_a,Frases · tórax auscultación,frase,100,a9,Egofonía en {localizacion}.,
f_torax_a,Frases · tórax auscultación,frase,110,a10,Pectoriloquia áfona en {localizacion}.,
f_cv,Frases · cardiovascular,frase,10,n,"Choque de punta palpable en quinto espacio intercostal izquierdo, línea medioclavicular. Ruidos cardíacos rítmicos, normofonéticos, sin soplos audibles. Llenado capilar menor de 2 segundos. Pulsos periféricos presentes y simétricos.",
f_cv,Frases · cardiovascular,frase,20,a1,"Choque de punta desplazado hacia abajo y afuera, en ",
f_cv,Frases · cardiovascular,frase,30,a2,Se ausculta tercer ruido en foco mitral.,
f_cv,Frases · cardiovascular,frase,40,a3,"Ictus cordis propulsivo, que ocupa {pulpejos} pulpejos.",
f_cv,Frases · cardiovascular,frase,50,a4,Frémito {tiempo_cardiaco} en foco {foco}.,
f_cv,Frases · cardiovascular,frase,60,a5,Ruidos cardíacos arrítmicos.,
f_cv,Frases · cardiovascular,frase,70,a6,Taquicardia de {fc} latidos por minuto.,
f_cv,Frases · cardiovascular,frase,80,a7,Bradicardia de {fc} latidos por minuto.,
f_cv,Frases · cardiovascular,frase,90,a8,Primer ruido reforzado en foco {foco}.,
f_cv,Frases · cardiovascular,frase,100,a9,Segundo ruido desdoblado en foco {foco}.,
f_cv,Frases · cardiovascular,frase,110,a10,Ritmo de galope por cuarto ruido.,
f_cv,Frases · cardiovascular,frase,120,a11,"Soplo {tiempo_cardiaco} en foco {foco}, irradiado hacia {irradiacion_soplo}.",
f_cv,Frases · cardiovascular,frase,130,a12,Frote pericárdico.,
f_cv,Frases · cardiovascular,frase,140,a13,Pulso {tipo_pulso}.,
f_abd_i,Frases · abdomen inspección,frase,10,n,"Abdomen plano, simétrico, sin cicatrices ni circulación colateral. Ombligo centrado. No se observan movimientos peristálticos.",
f_abd_i,Frases · abdomen inspección,frase,20,a1,Abdomen globuloso a expensas de panículo adiposo.,
f_abd_i,Frases · abdomen inspección,frase,30,a2,Abdomen distendido.,
f_abd_i,Frases · abdomen inspección,frase,40,a3,Abdomen excavado.,
f_abd_i,Frases · abdomen inspección,frase,50,a4,Abdomen asimétrico por abultamiento en {region_abd}.,
f_abd_i,Frases · abdomen inspección,frase,60,a5,"Abdomen de batracio, con flancos abombados.",
f_abd_i,Frases · abdomen inspección,frase,70,a6,Circulación colateral {circulacion}.,
f_abd_i,Frases · abdomen inspección,frase,80,a7,Estrías rojo-violáceas en {region_abd}.,
f_abd_i,Frases · abdomen inspección,frase,90,a8,"Cicatriz quirúrgica en {region_abd}, de {cm} cm.",
f_abd_i,Frases · abdomen inspección,frase,100,a9,Equimosis periumbilical (signo de Cullen).,
f_abd_i,Frases · abdomen inspección,frase,110,a10,Equimosis en flancos (signo de Grey Turner).,
f_abd_i,Frases · abdomen inspección,frase,120,a11,Ondas peristálticas visibles en {region_abd}.,
f_abd_i,Frases · abdomen inspección,frase,130,a12,Abultamiento en {region_abd} que aumenta al toser o pujar.,
f_abd_i,Frases · abdomen inspección,frase,140,a13,Cicatriz umbilical protruida.,
f_abd_a,Frases · abdomen auscultación,frase,10,n,"Ruidos hidroaéreos presentes, de tono e intensidad normales. No se auscultan soplos abdominales.",
f_abd_a,Frases · abdomen auscultación,frase,20,a1,Ruidos hidroaéreos aumentados.,
f_abd_a,Frases · abdomen auscultación,frase,30,a2,Ruidos hidroaéreos abolidos.,
f_abd_a,Frases · abdomen auscultación,frase,40,a3,"Ruidos hidroaéreos aumentados, de tono metálico.",
f_abd_a,Frases · abdomen auscultación,frase,50,a4,Ruidos hidroaéreos disminuidos.,
f_abd_a,Frases · abdomen auscultación,frase,60,a5,Soplo sistólico periumbilical.,
f_abd_a,Frases · abdomen auscultación,frase,70,a6,Soplo sistólico en flanco {lado}.,
f_abd_p,Frases · abdomen palpación,frase,10,n,"Blando, depresible, no doloroso a la palpación superficial ni profunda. No se palpan visceromegalias ni masas. Blumberg y Murphy negativos. Puño-percusión lumbar negativa bilateral.",
f_abd_p,Frases · abdomen palpación,frase,20,a1,"Hepatomegalia de {cm} cm bajo el reborde costal derecho, de borde romo y superficie lisa.",
f_abd_p,Frases · abdomen palpación,frase,30,a2,Doloroso a la palpación en ,
f_abd_p,Frases · abdomen palpación,frase,40,a3,Dolor a la palpación profunda en {region_abd}.,
f_abd_p,Frases · abdomen palpación,frase,50,a4,Punto {punto} doloroso.,
f_abd_p,Frases · abdomen palpación,frase,60,a5,Defensa abdominal en {region_abd}.,
f_abd_p,Frases · abdomen palpación,frase,70,a6,Abdomen en tabla.,
f_abd_p,Frases · abdomen palpación,frase,80,a7,Signo de Blumberg positivo en {region_abd}.,
f_abd_p,Frases · abdomen palpación,frase,90,a8,Signo de Murphy positivo.,
f_abd_p,Frases · abdomen palpación,frase,100,a9,Signo {signo_abd} positivo.,
f_abd_p,Frases · abdomen palpación,frase,110,a10,Signo de la oleada ascítica positivo.,
f_abd_p,Frases · abdomen palpación,frase,120,a11,Hígado palpable a {traveses} traveses de dedo bajo el reborde costal derecho en la línea medioclavicular.,
f_abd_p,Frases · abdomen palpación,frase,130,a12,Bazo palpable a {cm} cm del reborde costal izquierdo en la línea medioclavicular.,
f_abd_p,Frases · abdomen palpación,frase,140,a13,Vesícula palpable e indolora (signo de Courvoisier-Terrier).,
f_abd_p,Frases · abdomen palpación,frase,150,a14,"Masa palpable en {region_abd}, de {cm} cm.",
f_abd_pe,Frases · abdomen percusión,frase,10,n,Timpanismo generalizado. Matidez hepática conservada. Matidez desplazable negativa.,
f_abd_pe,Frases · abdomen percusión,frase,20,a1,Hipertimpanismo difuso.,
f_abd_pe,Frases · abdomen percusión,frase,30,a2,Matidez en flancos con concavidad superior.,
f_abd_pe,Frases · abdomen percusión,frase,40,a3,Matidez desplazable positiva.,
f_abd_pe,Frases · abdomen percusión,frase,50,a4,Pérdida de la matidez hepática (signo de Jobert).,
f_abd_pe,Frases · abdomen percusión,frase,60,a5,Matidez en hipogastrio.,
f_gu,Frases · genitourinario,frase,10,n,Región lumbar sin deformaciones. Puntos renoureterales no dolorosos. No se palpa globo vesical.,
f_gu,Frases · genitourinario,frase,20,a1,Examen genital diferido por no ser pertinente al cuadro actual.,
f_gu,Frases · genitourinario,frase,30,a2,Puño-percusión lumbar {lado_f} dolorosa (signo de Giordano positivo).,
f_gu,Frases · genitourinario,frase,40,a3,Punto ureteral {lado} doloroso.,
f_gu,Frases · genitourinario,frase,50,a4,Riñón {lado} palpable.,
f_gu,Frases · genitourinario,frase,60,a5,"Globo vesical palpable, doloroso y mate a la percusión.",
f_gu,Frases · genitourinario,frase,70,a6,Abombamiento lumbar {lado}.,
f_gu,Frases · genitourinario,frase,80,a7,Varicocele {lado}.,
f_gu,Frases · genitourinario,frase,90,a8,Edema de genitales.,
f_columna,Frases · columna,frase,10,n,"Conserva curvaturas fisiológicas. Movilidad conservada en todos los planos, sin dolor a la palpación de apófisis espinosas. Lasègue negativo bilateral.",
f_columna,Frases · columna,frase,20,a1,Dolor a la palpación de apófisis espinosas en región ,
f_columna,Frases · columna,frase,30,a2,Signo de Lasègue positivo a {grados}° en miembro inferior {lado}.,
f_columna,Frases · columna,frase,40,a3,Contractura paravertebral lumbar {lado_f}.,
f_columna,Frases · columna,frase,50,a4,Cifosis dorsal.,
f_columna,Frases · columna,frase,60,a5,Hiperlordosis lumbar.,
f_columna,Frases · columna,frase,70,a6,Escoliosis de convexidad {lado_f}.,
f_columna,Frases · columna,frase,80,a7,Cifoescoliosis.,
f_columna,Frases · columna,frase,90,a8,Movilidad limitada por dolor a la {movimiento_col}.,
f_ext,Frases · extremidades,frase,10,n,"Simétrico, sin edema, con pulsos presentes 2+/4+, fuerza 5/5, movilidad conservada y llenado capilar menor de 2 segundos.",
f_ext,Frases · extremidades,frase,20,a1,Edema con fóvea hasta ,
f_ext,Frases · extremidades,frase,30,a2,"Edema sin fóvea en dorso de pies y manos, con piel fría y áspera.",
f_ext,Frases · extremidades,frase,40,a3,Pulso {pulso_mi} disminuido en comparación con el contralateral.,
f_ext,Frases · extremidades,frase,50,a4,Pulso {pulso_mi} ausente.,
f_ext,Frases · extremidades,frase,60,a5,"Frío y pálido, con pérdida de vello.",
f_ext,Frases · extremidades,frase,70,a6,Várices en {region_mi}.,
f_ext,Frases · extremidades,frase,80,a7,"Úlcera en {region_mi}, de {cm} cm.",
f_ext,Frases · extremidades,frase,90,a8,Signo de Homans positivo.,
f_ext,Frases · extremidades,frase,100,a9,Dedos en palillo de tambor con uñas en vidrio de reloj.,
f_ext,Frases · extremidades,frase,110,a10,Hipotrofia muscular en {region_mi}.,
f_ext,Frases · extremidades,frase,120,a11,Llenado capilar mayor de 2 segundos.,
f_neuro,Frases · neurológico,frase,10,n,"Despierto, lúcido, orientado en tiempo, espacio y persona. Lenguaje conservado. Pares craneales del I al XII sin alteraciones. Fuerza 5/5 en las cuatro extremidades, tono y trofismo conservados. Sensibilidad conservada y simétrica. reflejos osteotendinosos 2+/4+ simétricos. Babinski ausente bilateral. Signos meníngeos negativos.",
f_neuro,Frases · neurológico,frase,20,a1,"Somnoliento, responde al estímulo verbal.",
f_neuro,Frases · neurológico,frase,30,a2,"Estuporoso, responde solo al estímulo doloroso.",
f_neuro,Frases · neurológico,frase,40,a3,Desorientado en {orientacion}.,
f_neuro,Frases · neurológico,frase,50,a4,Disartria.,
f_neuro,Frases · neurológico,frase,60,a5,Hemiparesia {lado_f} a predominio {predominio}.,
f_neuro,Frases · neurológico,frase,70,a6,Hipotonía en {region_neuro}.,
f_neuro,Frases · neurológico,frase,80,a7,Espasticidad en {region_neuro} (signo de la navaja).,
f_neuro,Frases · neurológico,frase,90,a8,Rigidez en rueda dentada.,
f_neuro,Frases · neurológico,frase,100,a9,"Reflejos osteotendinosos exaltados, con clonus {lado}.",
f_neuro,Frases · neurológico,frase,110,a10,Reflejos osteotendinosos abolidos en {region_neuro}.,
f_neuro,Frases · neurológico,frase,120,a11,Signo de Babinski positivo en el lado {lado}.,
f_neuro,Frases · neurológico,frase,130,a12,Rigidez de nuca con signos de Kernig y Brudzinski positivos.,
f_neuro,Frases · neurológico,frase,140,a13,Parálisis facial {lado_f} que {frente} la frente.,
f_neuro,Frases · neurológico,frase,150,a14,Signo de Romberg positivo.,
f_neuro,Frases · neurológico,frase,160,a15,Dismetría en la prueba índice-nariz.,
f_neuro,Frases · neurológico,frase,170,a16,Marcha {marcha}.,
f_neuro,Frases · neurológico,frase,180,a17,Temblor {temblor}.,
f_neuro,Frases · neurológico,frase,190,a18,Asterixis.,
f_relato,Frases · relato,frase,20,a1,Paciente refiere que hace ,
f_relato,Frases · relato,frase,30,a2,Posteriormente se agrega ,
f_relato,Frases · relato,frase,40,a3,Se automedica con ,
f_relato,Frases · relato,frase,50,a4,Acude a ,
f_relato,Frases · relato,frase,60,a5,Recibe tratamiento con ,
f_relato,Frases · relato,frase,70,a6,Actualmente persiste ,
f_relato,Frases · relato,frase,80,a7,No refiere cuadro similar previo.,
f_relato,Frases · relato,frase,90,a8,Refiere cuadro similar hace ,
f_familiares,Frases · familiares,frase,20,a1,Padre con antecedente de ,
f_familiares,Frases · familiares,frase,30,a2,Madre con antecedente de ,
f_familiares,Frases · familiares,frase,40,a3,Hermano con antecedente de ,
f_familiares,Frases · familiares,frase,50,a4,Hermana con antecedente de ,
f_familiares,Frases · familiares,frase,60,a5,Abuelos con antecedente de ,
f_familiares,Frases · familiares,frase,70,a6,No refiere antecedentes familiares de importancia.,
f_tratamiento,Frases · tratamiento,frase,20,a1,{farmaco} {dosis} vía {via} cada {intervalo}.,
f_tratamiento,Frases · tratamiento,frase,30,a2,Dieta {dieta}.,
f_tratamiento,Frases · tratamiento,frase,40,a3,Reposo relativo.,
f_tratamiento,Frases · tratamiento,frase,50,a4,Control de funciones vitales cada {intervalo}.,
f_tratamiento,Frases · tratamiento,frase,60,a5,Control de diuresis.,
f_tratamiento,Frases · tratamiento,frase,70,a6,Oxigenoterapia por cánula binasal con una fracción inspirada de oxígeno de {fio2}.,
f_tratamiento,Frases · tratamiento,frase,80,a7,Hidratación con {solucion} {volumen} por vía endovenosa.,
f_plan,Frases · plan de trabajo,frase,20,a1,Se solicita hemograma completo.,
f_plan,Frases · plan de trabajo,frase,30,a2,Se solicita examen completo de orina.,
f_plan,Frases · plan de trabajo,frase,40,a3,Se solicita urea y creatinina.,
f_plan,Frases · plan de trabajo,frase,50,a4,Se solicita glucosa.,
f_plan,Frases · plan de trabajo,frase,60,a5,Se solicita perfil hepático.,
f_plan,Frases · plan de trabajo,frase,70,a6,Se solicita radiografía de tórax posteroanterior.,
f_plan,Frases · plan de trabajo,frase,80,a7,Se solicita radiografía simple de abdomen.,
f_plan,Frases · plan de trabajo,frase,90,a8,Se solicita electrocardiograma.,
f_plan,Frases · plan de trabajo,frase,100,a9,Se solicita ecocardiograma.,
f_plan,Frases · plan de trabajo,frase,110,a10,Se solicita ecografía abdominal.,
f_plan,Frases · plan de trabajo,frase,120,a11,Se solicita baciloscopia en esputo.,
f_plan,Frases · plan de trabajo,frase,130,a12,Se solicita gasometría arterial.,
f_plan,Frases · plan de trabajo,frase,140,a13,Se solicita espirometría.,
f_plan,Frases · plan de trabajo,frase,150,a14,Se solicita examen parasitológico de heces.,
f_plan,Frases · plan de trabajo,frase,160,a15,Se solicita {examen} para {objetivo}.,
f_examenes,Frases · exámenes,frase,20,a1,Hemograma ({fecha}): ,
f_examenes,Frases · exámenes,frase,30,a2,Examen completo de orina ({fecha}): ,
f_examenes,Frases · exámenes,frase,40,a3,Glucosa ({fecha}): ,
f_examenes,Frases · exámenes,frase,50,a4,Urea y creatinina ({fecha}): ,
f_examenes,Frases · exámenes,frase,60,a5,Perfil hepático ({fecha}): ,
f_examenes,Frases · exámenes,frase,70,a6,Radiografía de tórax ({fecha}): ,
f_examenes,Frases · exámenes,frase,80,a7,Electrocardiograma ({fecha}): ,
f_examenes,Frases · exámenes,frase,90,a8,Ecografía abdominal ({fecha}): ,
f_examenes,Frases · exámenes,frase,100,a9,Baciloscopia ({fecha}): ,
f_evolucion,Frases · evolución,frase,20,a1,{fecha}. S: ,
f_evolucion,Frases · evolución,frase,30,a2,O: ,
f_evolucion,Frases · evolución,frase,40,a3,A: ,
f_evolucion,Frases · evolución,frase,50,a4,P: ,
f_evolucion,Frases · evolución,frase,60,a5,Paciente refiere ,
f_evolucion,Frases · evolución,frase,70,a6,Al examen: ,
ecto_edad_aparente,Edad aparente,opcion,10,Aparenta la edad que refiere,El aspecto concuerda con la edad cronológica; es lo habitual cuando no hay enfermedad crónica.,
ecto_edad_aparente,Edad aparente,opcion,20,Aparenta menor edad,Aspecto más joven que la edad referida; en el niño con enfermedad crónica el hipodesarrollo pondoestatural puede hacerle aparentar varios años menos.,
ecto_edad_aparente,Edad aparente,opcion,30,Aparenta mayor edad,"Aspecto envejecido para la edad referida: orienta a enfermedad crónica, desnutrición o deterioro del estado general.",
ecto_signos,Signos destacados de la ectoscopía,opcion,10,Ninguno,Primera mirada sin signos llamativos.,
ecto_signos,Signos destacados de la ectoscopía,opcion,20,Palidez de piel y mucosas,"Vasoconstricción (susto, dolor, shock) o anemia; se hace evidente con hemoglobina menor de 7 g/dl.",
ecto_signos,Signos destacados de la ectoscopía,opcion,30,Ictericia en piel y escleróticas,"Bilirrubina mayor de 2.5 mg por ciento: causa prehepática (hemólisis), hepática (hepatitis, cirrosis) o poshepática (obstrucción).",
ecto_signos,Signos destacados de la ectoscopía,opcion,40,Cianosis,"Hemoglobina reducida mayor de 5 g/dl; se busca en labios, punta de la nariz, lóbulos de la oreja y pulpejos de los dedos.",
ecto_signos,Signos destacados de la ectoscopía,opcion,50,Signos de deshidratación,"Piel seca con elasticidad y turgor disminuidos, signo del pliegue positivo y mucosas secas; se gradúa en leve, moderada o grave según el peso perdido.",
ecto_signos,Signos destacados de la ectoscopía,opcion,60,Facies característica,"Rasgos del rostro que orientan a una enfermedad: mitral, hipocrática, cushingoide o mixedematosa, entre otras.",Facies {facies}
ecto_signos,Signos destacados de la ectoscopía,opcion,70,Somnolencia,"Despierta y obedece órdenes al estimularlo, pero vuelve a dormirse al cesar el estímulo.",
ecto_signos,Signos destacados de la ectoscopía,opcion,80,Decúbito pasivo,No cambia de posición por sí mismo: enfermo adinámico o comatoso.,
ecto_signos,Signos destacados de la ectoscopía,opcion,90,Ortopnea,"Se sienta o semisienta para aliviar la disnea: insuficiencia cardíaca congestiva, edema agudo de pulmón, asma bronquial o ascitis.",
ecto_signos,Signos destacados de la ectoscopía,opcion,100,Decúbito forzado,"Postura obligada por la enfermedad: dorsal (fractura de columna, irritación peritoneal), ventral (cólicos) o lateral sobre el lado sano (pleuritis).",Adopta decúbito forzado {decubito}
ecto_signos,Signos destacados de la ectoscopía,opcion,110,Adenopatías palpables,"Ganglio aumentado: infección, linfoma, tuberculosis o metástasis según la cadena; el supraclavicular izquierdo sugiere cáncer gástrico.","Adenopatías palpables en región {region_ganglio}, de {cm} cm"
ecto_signos,Signos destacados de la ectoscopía,opcion,120,Apoyo de oxígeno,Recibe oxígeno suplementario: sugiere hipoxemia o insuficiencia respiratoria; la saturación se interpreta junto con la fracción inspirada.,"Con apoyo de oxígeno, fracción inspirada de oxígeno de {fio2}"
ecto_signos,Signos destacados de la ectoscopía,opcion,130,Vía periférica permeable,"Acceso venoso para líquidos o medicamentos; es un dato de la atención, no un hallazgo de enfermedad.",
modo_ingreso,Modo de ingreso,opcion,10,Por emergencia,Ingresa por el servicio de emergencia.,
modo_ingreso,Modo de ingreso,opcion,20,Por consultorio externo,Ingresa de forma programada desde la consulta ambulatoria.,
modo_ingreso,Modo de ingreso,opcion,30,Referido de otro establecimiento,Llega con hoja de referencia de otro establecimiento de salud.,
modo_ingreso,Modo de ingreso,opcion,40,Traslado de otro servicio,Pasa de otro servicio del mismo hospital.,
modo_ingreso,Modo de ingreso,opcion,50,Traído por la policía o por terceros,Llega sin quien lo identifique; se registra provisionalmente como no identificado y se revisan sus pertenencias para ubicar a la familia.,
sala,Sala,opcion,10,Medicina interna varones,,
sala,Sala,opcion,20,Medicina interna mujeres,,
sala,Sala,opcion,30,Cirugía,,
sala,Sala,opcion,40,Ginecología y obstetricia,,
sala,Sala,opcion,50,Pediatría,,
sala,Sala,opcion,60,Neonatología,,
sala,Sala,opcion,70,Traumatología,,
sala,Sala,opcion,80,Emergencia · observación,,
sala,Sala,opcion,90,Unidad de cuidados intensivos,,
sala,Sala,opcion,100,Aislamiento,,
informante_vinculo,Informante,opcion,10,El propio paciente,Anamnesis directa: la información la da el propio paciente.,
informante_vinculo,Informante,opcion,20,Madre,,
informante_vinculo,Informante,opcion,30,Padre,,
informante_vinculo,Informante,opcion,40,Cónyuge o conviviente,,
informante_vinculo,Informante,opcion,50,Hijo o hija,,
informante_vinculo,Informante,opcion,60,Hermano o hermana,,
informante_vinculo,Informante,opcion,70,Otro familiar,,
informante_vinculo,Informante,opcion,80,Acompañante no familiar,"Vecino, amigo o quien lo acompaña sin ser familiar.",
informante_vinculo,Informante,opcion,90,Personal de salud que lo trasladó,Personal que lo trajo referido o en ambulancia.,
confiable,Informante confiable,opcion,10,Sí,"Conoce al paciente y el relato es coherente: precisa fechas, síntomas y tratamientos.",
confiable,Informante confiable,opcion,20,No,"Relato incoherente o incompleto por alteración de la conciencia, deterioro cognitivo, barrera idiomática o poco trato con el paciente; los datos deben confirmarse con otra fuente.",
episodio_actual,Episodio actual,opcion,10,"Primer episodio, no refiere cuadro similar previo",Nunca antes tuvo un cuadro parecido; este dato nunca se deja en blanco,
episodio_actual,Episodio actual,opcion,20,Recurrencia de un cuadro similar,Ya presentó antes el mismo cuadro; se indaga el episodio previo y lo que lo relaciona con el actual,Recurrencia de un cuadro similar; el episodio anterior fue hace {tiempo}
episodio_actual,Episodio actual,opcion,30,Reagudización de una enfermedad crónica conocida,El cuadro de hoy es la descompensación de una enfermedad que el paciente ya tiene diagnosticada,
orina_color,Color de la orina,opcion,10,Amarillo pálido a ámbar,Color habitual de la orina normal; el aspecto normal es límpido,
orina_color,Color de la orina,opcion,20,Incolora,Orina sin color; aparece en la hiperhidratación,
orina_color,Color de la orina,opcion,30,Lechosa,Orina blanquecina por quiluria o por piuria masiva,
orina_color,Color de la orina,opcion,40,Rojiza,"Hematuria, hemoglobinuria, mioglobinuria o ingestión de betarraga",
orina_color,Color de la orina,opcion,50,Anaranjada,Por fenazopiridina o rifampicina; no confundirla con sangrado real,
orina_color,Color de la orina,opcion,60,Castaña,"Coluria de la ictericia con predominio de bilirrubina directa, o por nitrofurantoína y metronidazol",
orina_color,Color de la orina,opcion,70,Turbia,Precipitación de cristales al enfriarse o depósito blanquecino y maloliente de la infección urinaria,
orina_volumen,Volumen urinario en 24 horas,opcion,10,Diuresis normal,"800 a 1800 mililitros en 24 horas, con término medio de 1400",Diuresis normal de {mililitros} mililitros en 24 horas
orina_volumen,Volumen urinario en 24 horas,opcion,20,Oliguria,"Menos de 400 mililitros en 24 horas, unos 20 mililitros por hora",Oliguria de {mililitros} mililitros en 24 horas
orina_volumen,Volumen urinario en 24 horas,opcion,30,Anuria,Menos de 100 mililitros en 24 horas,Anuria de {mililitros} mililitros en 24 horas
orina_volumen,Volumen urinario en 24 horas,opcion,40,Poliuria,Más de 2000 mililitros en 24 horas,Poliuria de {mililitros} mililitros en 24 horas
orina_frecuencia,Frecuencia de las micciones,opcion,10,Conservada,El número de micciones del día no ha cambiado,"Conservada, {veces} micciones al día"
orina_frecuencia,Frecuencia de las micciones,opcion,20,Polaquiuria,Micciones repetidas sin aumento del volumen total; infección urinaria baja o hipertrofia benigna de próstata,"Polaquiuria, {veces} micciones al día"
orina_frecuencia,Frecuencia de las micciones,opcion,30,Urgencia miccional,Necesidad imperiosa de orinar sin que la vejiga esté llena,
orina_frecuencia,Frecuencia de las micciones,opcion,40,Incontinencia urinaria,Eliminación involuntaria de orina; más frecuente en mujeres con cuatro o más partos,
orina_frecuencia,Frecuencia de las micciones,opcion,50,Retención urinaria,"Falta de eliminación de la orina, aguda o crónica; hipertrofia benigna de próstata o vejiga neurogénica",
orina_ritmo,Ritmo de las micciones,opcion,10,Predominio diurno,Ritmo habitual; el paciente no se levanta de noche a orinar,
orina_ritmo,Ritmo de las micciones,opcion,20,Nicturia,Aumento del número de micciones nocturnas; poliuria de cualquier causa o insuficiencia renal avanzada,"Nicturia, se levanta {veces} veces por noche"
orina_ritmo,Ritmo de las micciones,opcion,30,Predominio nocturno,La mayor parte de la diuresis ocurre de noche; propio de la insuficiencia renal avanzada,
heces_color,Color de las deposiciones,opcion,10,Marrón,Color habitual de las deposiciones formadas,
heces_color,Color de las deposiciones,opcion,20,Melena,Heces negras como brea por sangre digerida de una hemorragia digestiva alta,
heces_color,Color de las deposiciones,opcion,30,Enterorragia,"Sangre roja que se exterioriza por el ano; hemorroides, pólipos, cáncer de colon o recto, diverticulosis",
heces_color,Color de las deposiciones,opcion,40,Hipocolia,Heces de color más claro por déficit parcial de bilirrubina en el intestino; propia de la ictericia hepatocelular,
heces_color,Color de las deposiciones,opcion,50,Acolia,"Heces blanquecinas, como masilla de vidriero, por obstrucción completa de la vía biliar",
heces_ritmo,Ritmo de las deposiciones,opcion,10,Conservado,"De 3 evacuaciones al día a 1 cada 3 días, sin esfuerzo y con heces de consistencia normal",
heces_ritmo,Ritmo de las deposiciones,opcion,20,Estreñimiento,"Evacuación espontánea cada 3 días o más, con dificultad o con necesidad de laxantes",
heces_ritmo,Ritmo de las deposiciones,opcion,30,Diarrea de predominio diurno,Matinal o posprandial; respeta el sueño nocturno y orienta a causa funcional,
heces_ritmo,Ritmo de las deposiciones,opcion,40,Diarrea diurna y nocturna,También despierta al paciente de noche; orienta a causa orgánica,
heces_ritmo,Ritmo de las deposiciones,opcion,50,Pseudodiarrea,Evacuación repetida de pequeñas cantidades de líquido fecaloideo por fecaloma; es la forma extrema del estreñimiento,
sudoracion,Sudoración,opcion,10,Conservada,Sudoración habitual para la temperatura del ambiente y el esfuerzo realizado,
sudoracion,Sudoración,opcion,20,Hiperhidrosis,"Aumento de la sudoración; fisiológica tras ejercicio o emoción, patológica en fiebre, hipertiroidismo o dolor",
sudoracion,Sudoración,opcion,30,Sudoración nocturna,"Sudor durante el sueño; junto con fiebre, fatiga o pérdida de peso obliga a buscar la causa",
sudoracion,Sudoración,opcion,40,Sudoración fría,"Acompaña al bajo gasto, la hipoxemia y el dolor intenso",
sudoracion,Sudoración,opcion,50,Anhidrosis,"Disminución o ausencia de sudoración; deshidratación, diabetes mellitus, mixedema, insuficiencia renal crónica",
estado_animo,Estado de ánimo,opcion,10,Tranquilo,"Responde de manera acorde a lo que se le pregunta, sin ansiedad ni tristeza",
estado_animo,Estado de ánimo,opcion,20,Ansioso,Ansiedad; se asocia a la respiración suspirosa y a la disnea psicógena,
estado_animo,Estado de ánimo,opcion,30,Irritable,Irritabilidad e hiperexcitabilidad; en la obnubilación alternan con somnolencia,
estado_animo,Estado de ánimo,opcion,40,Triste,Ánimo depresivo; también se asocia a la respiración suspirosa y a la disnea psicógena,
estado_animo,Estado de ánimo,opcion,50,Apático,Indiferencia y expresión de apatía; propia de la facies mixedematosa del hipotiroidismo,
viv_pared,Material de construcción de la vivienda,opcion,10,Adobe,Bloque de barro secado al sol; es el material más común de la vivienda rural andina.,
viv_pared,Material de construcción de la vivienda,opcion,20,Ladrillo,,
viv_pared,Material de construcción de la vivienda,opcion,30,Carrizo,Caña con que se levantan paredes y techos; en zona rural estas casas son reservorio de la enfermedad de Chagas.,
viv_pared,Material de construcción de la vivienda,opcion,40,Madera,,
viv_pared,Material de construcción de la vivienda,opcion,50,Piedra con barro,,
viv_piso,Piso de la vivienda,opcion,10,Tierra,Piso sin recubrir; mantiene el contacto permanente con el suelo y el polvo de la vivienda.,
viv_piso,Piso de la vivienda,opcion,20,Cemento,,
viv_piso,Piso de la vivienda,opcion,30,Madera,,
viv_piso,Piso de la vivienda,opcion,40,Loseta o cerámico,,
viv_techo,Techo de la vivienda,opcion,10,Calamina,Plancha metálica ondulada; es el techo más frecuente en la vivienda del altiplano.,
viv_techo,Techo de la vivienda,opcion,20,Paja o ichu,"Techo vegetal; como el carrizo, puede albergar vectores.",
viv_techo,Techo de la vivienda,opcion,30,Concreto armado,,
viv_techo,Techo de la vivienda,opcion,40,Teja,,
viv_agua,Abastecimiento de agua,opcion,10,Red pública,Agua tratada que llega por la red domiciliaria.,
viv_agua,Abastecimiento de agua,opcion,20,Agua entubada no clorada,Agua que llega por tubería sin tratamiento con cloro; no es segura para beber sin hervir.,
viv_agua,Abastecimiento de agua,opcion,30,Pozo,,
viv_agua,Abastecimiento de agua,opcion,40,"Río, manantial o acequia",Agua tomada directamente de una fuente superficial; sin tratamiento previo.,
viv_agua,Abastecimiento de agua,opcion,50,Cisterna o repartidor,,
viv_luz,Luz,opcion,10,Red pública,Energía eléctrica de la red domiciliaria.,
viv_luz,Luz,opcion,20,Panel solar,,
viv_luz,Luz,opcion,30,"Vela, mechero o lámpara",Alumbrado por combustión dentro de la vivienda; se suma al humo de biomasa.,
viv_luz,Luz,opcion,40,Sin energía eléctrica,,
viv_desague,Desagüe,opcion,10,Red pública de desagüe,Conexión domiciliaria a la red de alcantarillado.,
viv_desague,Desagüe,opcion,20,Pozo séptico,,
viv_desague,Desagüe,opcion,30,Letrina,Pozo para excretas sin conexión a la red de desagüe.,
viv_desague,Desagüe,opcion,40,Campo abierto,Eliminación de excretas al aire libre; máximo riesgo de parasitosis intestinal.,
frecuencia_consumo,Frecuencia de consumo,opcion,10,Diaria,Todos los días o casi todos.,
frecuencia_consumo,Frecuencia de consumo,opcion,20,Tres a seis veces por semana,,
frecuencia_consumo,Frecuencia de consumo,opcion,30,Una o dos veces por semana,,
frecuencia_consumo,Frecuencia de consumo,opcion,40,Dos o tres veces al mes,,
frecuencia_consumo,Frecuencia de consumo,opcion,50,"Ocasional, menos de una vez al mes",Solo en fiestas o reuniones.,
frecuencia_consumo,Frecuencia de consumo,opcion,60,No consume,,
alcohol_estado,Alcohol,opcion,10,No consume,,
alcohol_estado,Alcohol,opcion,20,Consumo actual,Bebe en la actualidad; la frecuencia y la cantidad se anotan en los campos siguientes.,
alcohol_estado,Alcohol,opcion,30,Exbebedor,"Bebía y dejó de hacerlo; anotar tipo de bebida, tiempo de consumo y tiempo de abstinencia.",
drogas,Drogas,opcion,10,Ninguna,,
drogas,Drogas,opcion,20,Cocaína,Droga ilícita de consumo creciente en adolescentes y en todos los grupos socioeconómicos; suele ocultarse.,
drogas,Drogas,opcion,30,Opiáceos,Droga ilícita del mismo grupo que la cocaína en el apunte; suele ocultarse.,
drogas,Drogas,opcion,40,Inhalantes (terokal o cola de zapatero),Pegamento inhalado como droga; el consumo crece sobre todo entre adolescentes.,
drogas,Drogas,opcion,50,Anfetaminas,Se usan en gimnasios junto con los anabolizantes; producen dependencia.,
drogas,Drogas,opcion,60,Anabolizantes,"Hormonas usadas en gimnasios; causan dependencia y daño hepático, renal, cardíaco y endocrino.",
grupo_sanguineo,Grupo sanguíneo,opcion,10,A positivo,,
grupo_sanguineo,Grupo sanguíneo,opcion,20,A negativo,,
grupo_sanguineo,Grupo sanguíneo,opcion,30,B positivo,,
grupo_sanguineo,Grupo sanguíneo,opcion,40,B negativo,,
grupo_sanguineo,Grupo sanguíneo,opcion,50,AB positivo,,
grupo_sanguineo,Grupo sanguíneo,opcion,60,AB negativo,,
grupo_sanguineo,Grupo sanguíneo,opcion,70,O positivo,,
grupo_sanguineo,Grupo sanguíneo,opcion,80,O negativo,,
grupo_sanguineo,Grupo sanguíneo,opcion,90,No conocido,El paciente no sabe su grupo sanguíneo ni porta tarjeta.,
parto_tipo,Tipo de parto,opcion,10,Eutócico,"Parto vaginal espontáneo, que evoluciona sin complicaciones ni instrumentos.",
parto_tipo,Tipo de parto,opcion,20,Paraeutócico,Parto vaginal de curso normal que necesita una ayuda menor para la salida del feto (episiotomía o maniobras).,
parto_tipo,Tipo de parto,opcion,30,Distócico,"Parto con dificultad o complicación en su evolución, que obliga a intervenir.",
parto_tipo,Tipo de parto,opcion,40,Cesárea,Nacimiento por incisión quirúrgica del abdomen y del útero.,
parto_tipo,Tipo de parto,opcion,50,Fórceps,"Parto vaginal asistido con fórceps, instrumento que ayuda a extraer la cabeza fetal.",
parto_tipo,Tipo de parto,opcion,60,No recuerda,,
lactancia,Lactancia,opcion,10,Materna exclusiva hasta los 6 meses,"Solo leche materna durante los primeros 6 meses, sin ningún otro alimento ni bebida.",
lactancia,Lactancia,opcion,20,Materna por menos de 6 meses,Leche materna suspendida antes de cumplir los 6 meses.,
lactancia,Lactancia,opcion,30,Mixta,Leche materna junto con fórmula láctea.,
lactancia,Lactancia,opcion,40,Artificial,"Solo fórmula láctea, sin leche materna.",
lactancia,Lactancia,opcion,50,No recuerda,,
ablactancia,Ablactancia,opcion,10,Antes de los 6 meses,Alimentos distintos de la leche iniciados antes de la edad recomendada.,
ablactancia,Ablactancia,opcion,20,A los 6 meses,Edad recomendada para empezar alimentos distintos de la leche.,
ablactancia,Ablactancia,opcion,30,Después de los 6 meses,Alimentos distintos de la leche iniciados después de la edad recomendada.,
ablactancia,Ablactancia,opcion,40,No recuerda,,
rendimiento_escolar,Rendimiento escolar,opcion,10,Bueno,,
rendimiento_escolar,Rendimiento escolar,opcion,20,Regular,,
rendimiento_escolar,Rendimiento escolar,opcion,30,Deficiente,,
rendimiento_escolar,Rendimiento escolar,opcion,40,Repitió uno o más años,,
rendimiento_escolar,Rendimiento escolar,opcion,50,No cursó estudios,,
preferencia_sexual,Preferencia sexual,opcion,10,Heterosexual,Atracción hacia personas del sexo opuesto.,
preferencia_sexual,Preferencia sexual,opcion,20,Homosexual,Atracción hacia personas del mismo sexo.,
preferencia_sexual,Preferencia sexual,opcion,30,Bisexual,Atracción hacia personas de ambos sexos.,
preferencia_sexual,Preferencia sexual,opcion,40,No refiere,La persona prefiere no responder.,
ultima_relacion,Última relación sexual,opcion,10,En las últimas 48 horas,,
ultima_relacion,Última relación sexual,opcion,20,En la última semana,,
ultima_relacion,Última relación sexual,opcion,30,En el último mes,,
ultima_relacion,Última relación sexual,opcion,40,Hace más de un mes,,
ultima_relacion,Última relación sexual,opcion,50,Hace más de un año,,
ultima_relacion,Última relación sexual,opcion,60,No refiere,,
toxemia_gravidica,Preeclampsia o eclampsia,opcion,10,No refiere,,
toxemia_gravidica,Preeclampsia o eclampsia,opcion,20,Preeclampsia,Hipertensión arterial con proteinuria que aparece en el tercer trimestre del embarazo.,
toxemia_gravidica,Preeclampsia o eclampsia,opcion,30,Eclampsia,Preeclampsia que llega a las convulsiones.,
toxemia_gravidica,Preeclampsia o eclampsia,opcion,40,No recuerda,,
enf_congenitas,Enfermedades congénitas,opcion,10,Ninguna,,
enf_congenitas,Enfermedades congénitas,opcion,20,Cardiopatía congénita,La rubéola materna del primer trimestre obliga a sospecharla,
enf_congenitas,Enfermedades congénitas,opcion,30,Labio leporino,Anomalía congénita frecuente de la boca,
enf_congenitas,Enfermedades congénitas,opcion,40,Criptorquidia,,
enf_congenitas,Enfermedades congénitas,opcion,50,Otra malformación congénita,,
enf_infancia,Enfermedades de la infancia y adolescencia,opcion,10,Ninguna,,
enf_infancia,Enfermedades de la infancia y adolescencia,opcion,20,Sarampión,Las manchas de Koplik en la mucosa bucal lo anuncian antes del exantema,
enf_infancia,Enfermedades de la infancia y adolescencia,opcion,30,Varicela,,
enf_infancia,Enfermedades de la infancia y adolescencia,opcion,40,Rubéola,En la gestante del primer trimestre se asocia a cardiopatía congénita del recién nacido,
enf_infancia,Enfermedades de la infancia y adolescencia,opcion,50,Parotiditis,Aumento de volumen de la parótida; entre sus complicaciones está la pancreatitis,
enf_infancia,Enfermedades de la infancia y adolescencia,opcion,60,Tos ferina,,
enf_infancia,Enfermedades de la infancia y adolescencia,opcion,70,Difteria,Cursa con falsas membranas en la vía respiratoria y puede producir estridor,
enf_infancia,Enfermedades de la infancia y adolescencia,opcion,80,Escarlatina,,
enf_infancia,Enfermedades de la infancia y adolescencia,opcion,90,Amigdalitis a repetición,Antecedente que orienta a fiebre reumática,
enf_infancia,Enfermedades de la infancia y adolescencia,opcion,100,Fiebre reumática,Se sospecha ante amigdalitis a repetición con dolores articulares que cambian de lugar,
parasitos,Eliminación de parásitos,opcion,10,Niega,,
parasitos,Eliminación de parásitos,opcion,20,Áscaris,Se busca en el examen parasitológico seriado de heces; la parasitosis puede obstruir el apéndice,
parasitos,Eliminación de parásitos,opcion,30,Oxiuros,Se buscan cuando el examen parasitológico seriado sale negativo y persiste la sospecha,
parasitos,Eliminación de parásitos,opcion,40,Tenia,Se busca en el examen parasitológico seriado de heces,
parasitos,Eliminación de parásitos,opcion,50,Strongyloides,La estrongiloidiasis es causa de síndrome de malabsorción,
parasitos,Eliminación de parásitos,opcion,60,Ancylostoma,Se busca en el examen parasitológico seriado de heces,
parasitos,Eliminación de parásitos,opcion,70,Giardia,La giardiasis produce diarrea y síndrome de malabsorción,
parasitos,Eliminación de parásitos,opcion,80,Entamoeba histolytica,Causa infecciosa de diarrea,
parasitos,Eliminación de parásitos,opcion,90,Eliminó parásitos sin identificar,,
reaccion_alergica,Tipo de reacción alérgica,opcion,10,Prurito,Picazón; puede ser local o por enfermedad sistémica,
reaccion_alergica,Tipo de reacción alérgica,opcion,20,Exantema,Erupción en la piel,
reaccion_alergica,Tipo de reacción alérgica,opcion,30,Angioedema,Edema localizado por reacción alérgica,
reaccion_alergica,Tipo de reacción alérgica,opcion,40,Rinitis,Estornudo y rinorrea de causa alérgica,
reaccion_alergica,Tipo de reacción alérgica,opcion,50,Broncoespasmo,Estrechamiento bronquial que se ausculta como sibilancias,
reaccion_alergica,Tipo de reacción alérgica,opcion,60,Edema de glotis,Edema localizado de riesgo vital: produce insuficiencia respiratoria aguda,
reaccion_alergica,Tipo de reacción alérgica,opcion,70,Choque anafiláctico,Reacción alérgica grave con hipotensión y compromiso respiratorio,
reaccion_alergica,Tipo de reacción alérgica,opcion,80,No recuerda la reacción,,
intoxicaciones,Intoxicaciones,opcion,10,Ninguna,,
intoxicaciones,Intoxicaciones,opcion,20,Alcohol,"Sus efectos deletéreos comprometen hígado, nervios, páncreas y corazón",
intoxicaciones,Intoxicaciones,opcion,30,Plaguicidas o insecticidas,El contacto con insecticidas agrava el asma bronquial y se asocia a anemia aplásica en el campesino,
intoxicaciones,Intoxicaciones,opcion,40,Solventes,,
intoxicaciones,Intoxicaciones,opcion,50,Plomo,Deja pigmentación en puntos oscuros sobre la línea gingival,
intoxicaciones,Intoxicaciones,opcion,60,Medicamentos,"Barbitúricos u opiáceos, que deprimen el centro respiratorio; también digitálicos o atropina",
intoxicaciones,Intoxicaciones,opcion,70,Drogas ilícitas,"Opiáceos, cocaína y terokal",
intoxicaciones,Intoxicaciones,opcion,80,Otra intoxicación,,
historial_enf,Historial de enfermedad,opcion,10,Hipertensión arterial,Antecedente de tendencia hereditaria reconocida,
historial_enf,Historial de enfermedad,opcion,20,Diabetes mellitus,Antecedente de tendencia hereditaria reconocida,
historial_enf,Historial de enfermedad,opcion,30,Tuberculosis,Preguntar también por la convivencia con un caso de tuberculosis en el entorno cercano,
historial_enf,Historial de enfermedad,opcion,40,Asma bronquial,Se agrava en ambientes con insecticidas o polvo,
historial_enf,Historial de enfermedad,opcion,50,Hepatitis B,,
historial_enf,Historial de enfermedad,opcion,60,Fiebre tifoidea,"Se confirma con hemograma completo, reacción de Vidal o hemocultivo",
historial_enf,Historial de enfermedad,opcion,70,Otra enfermedad,,
historial_enf,Historial de enfermedad,opcion,80,Ninguna,,
enf_familiares,Enfermedades de los familiares,opcion,10,Ninguna,,
enf_familiares,Enfermedades de los familiares,opcion,20,Hipertensión arterial,Enfermedad de tendencia hereditaria reconocida,
enf_familiares,Enfermedades de los familiares,opcion,30,Diabetes mellitus,Enfermedad de tendencia hereditaria reconocida,
enf_familiares,Enfermedades de los familiares,opcion,40,Cardiopatía congénita,Enfermedad de tendencia hereditaria reconocida,
enf_familiares,Enfermedades de los familiares,opcion,50,Asma bronquial,Alergia de tendencia hereditaria reconocida,
enf_familiares,Enfermedades de los familiares,opcion,60,Migraña,Enfermedad de tendencia hereditaria reconocida,
enf_familiares,Enfermedades de los familiares,opcion,70,Epilepsia,Enfermedad de tendencia hereditaria reconocida,
enf_familiares,Enfermedades de los familiares,opcion,80,Cáncer,Enfermedad de tendencia hereditaria reconocida,
enf_familiares,Enfermedades de los familiares,opcion,90,Aterosclerosis,Enfermedad de tendencia hereditaria reconocida,
enf_familiares,Enfermedades de los familiares,opcion,100,Accidente cerebrovascular,Enfermedad de carácter familiar frecuente,
enf_familiares,Enfermedades de los familiares,opcion,110,Hiperlipidemia,Enfermedad de carácter familiar frecuente,
enf_familiares,Enfermedades de los familiares,opcion,120,Úlcera péptica,Enfermedad de carácter familiar frecuente,
enf_familiares,Enfermedades de los familiares,opcion,130,Colelitiasis,Enfermedad de carácter familiar frecuente,
enf_familiares,Enfermedades de los familiares,opcion,140,Várices,Enfermedad de carácter familiar frecuente,
enf_familiares,Enfermedades de los familiares,opcion,150,Tuberculosis,Preguntar por la convivencia con un caso de tuberculosis en el entorno cercano,
enf_familiares,Enfermedades de los familiares,opcion,160,Enfermedad estrictamente hereditaria,"Hemofilia, anemia falciforme, riñón poliquístico o errores metabólicos; obliga a levantar el árbol genealógico",
enf_familiares,Enfermedades de los familiares,opcion,170,No sabe,,
estado_vital,Estado vital del familiar,opcion,10,Vive,,
estado_vital,Estado vital del familiar,opcion,20,Falleció,,
estado_vital,Estado vital del familiar,opcion,30,No sabe,,
pulso_car,Características del pulso,opcion,10,"Rítmico, de amplitud mediana y pared elástica","Pulso normal: intervalos iguales, amplitud mediana y pared lisa, blanda y depresible",
pulso_car,Características del pulso,opcion,20,Taquisfigmia,"Más de 100 pulsaciones por minuto; fiebre, insuficiencia cardíaca, hipertiroidismo, hipovolemia",
pulso_car,Características del pulso,opcion,30,Bradisfigmia,"Menos de 60 pulsaciones por minuto; hipotermia, hipotiroidismo, betabloqueadores, bloqueo auriculoventricular",
pulso_car,Características del pulso,opcion,40,Arrítmico,"Los intervalos entre pulsaciones son desiguales; extrasístoles, fibrilación auricular, bloqueo",
pulso_car,Características del pulso,opcion,50,Con déficit de pulso,Los latidos auscultados superan a las pulsaciones radiales; fibrilación auricular y extrasístoles,
pulso_car,Características del pulso,opcion,60,Amplio,Llenado arterial aumentado; insuficiencia aórtica,
pulso_car,Características del pulso,opcion,70,Pequeño,Llenado arterial disminuido; estenosis aórtica,
pulso_car,Características del pulso,opcion,80,Duro,Difícil de colapsar; presión sistólica elevada e hipertensión arterial,
pulso_car,Características del pulso,opcion,90,Blando,Se colapsa con facilidad; presión sistólica menor de 90 milímetros de mercurio,
pulso_car,Características del pulso,opcion,100,Celer o en martillo de agua,"Ascenso y descenso muy rápidos, de amplitud aumentada; insuficiencia aórtica, ductus, fístulas arteriovenosas",
pulso_car,Características del pulso,opcion,110,Filiforme,"Amplitud escasa, apenas palpable; shock hipovolémico y paciente moribundo",
pulso_car,Características del pulso,opcion,120,Alternante,Una onda amplia seguida de otra más débil; insuficiencia cardíaca izquierda,
pulso_car,Características del pulso,opcion,130,Paradójico,"La amplitud cae en la inspiración profunda y la sistólica baja más de 10 milímetros de mercurio; pericarditis constrictiva, derrame pericárdico, asma",
pulso_car,Características del pulso,opcion,140,Dícroto,"Doble onda en cada pulsación, por onda de reflejo aumentada",
pulso_car,Características del pulso,opcion,150,Anácroto,"Pequeña onda en la rama ascendente, por retraso de la eyección ventricular",
pulso_car,Características del pulso,opcion,160,De pared rígida y tortuosa,"Arteria endurecida y poco depresible, como la tráquea de un pollo; arteriosclerosis del anciano",
pulso_car,Características del pulso,opcion,170,Desigual entre ambas radiales,La amplitud difiere entre un lado y el otro; orienta a aneurisma u obstrucción arterial,
facies,Facies,opcion,10,Atípica o normal,No se reconoce ningún patrón de enfermedad en el rostro,
facies,Facies,opcion,20,Mitral,"Cianosis en pómulos, nariz, labios y mentón que contrasta con la palidez del resto; estenosis mitral",
facies,Facies,opcion,30,Aórtica,"Palidez peribucal, cabeza que se mueve con cada latido y pulsaciones visibles de temporales y carótidas; insuficiencia aórtica",
facies,Facies,opcion,40,De Ayerza,"Cianosis intensa con poliglobulia; cor pulmonar crónico, cardiopatías cianóticas, hipertensión arterial pulmonar",
facies,Facies,opcion,50,Febril,"Pómulos enrojecidos, palidez del resto de la cara y ojos brillantes; síndrome febril",
facies,Facies,opcion,60,Hipocrática o peritoneal,"Ojos hundidos, nariz afilada, labios delgados, aleteo nasal, sudor y palidez; peritonitis generalizada",
facies,Facies,opcion,70,Nefrítica o renal,Edema alrededor de los ojos y cara pálida; insuficiencia renal crónica y síndrome nefrótico,
facies,Facies,opcion,80,Neumónica,"Mirada brillante, mejillas enrojecidas, aleteo nasal y herpes en la comisura labial; neumonía",
facies,Facies,opcion,90,Leonina,"Piel engrosada con lepromas en frente y mejillas, nariz espesa y labios gruesos; lepra lepromatosa",
facies,Facies,opcion,100,Lúpica,Eritema en alas de mariposa sobre mejillas y nariz; lupus eritematoso sistémico,
facies,Facies,opcion,110,Parkinsoniana,"Cabeza inclinada, inmovilidad, mirada fija y frente arrugada; enfermedad de Parkinson",
facies,Facies,opcion,120,Mixedematosa,"Rostro redondeado, párpados edematosos, cejas despobladas, cabello seco y expresión de apatía; hipotiroidismo avanzado",
facies,Facies,opcion,130,Acromegálica,"Arcadas encima de los ojos salientes, maxilar inferior prominente, nariz, labios y orejas aumentados; acromegalia",
facies,Facies,opcion,140,Basedowiana,"Exoftalmos, mirada brillante, rostro delgado, ansiedad y bocio; hipertiroidismo",
facies,Facies,opcion,150,Miasténica,Caída de los párpados superiores y de la mandíbula; miastenia gravis,
facies,Facies,opcion,160,De Cushing o de luna llena,"Cara redondeada, piel roja y tensa, acné e hipertricosis en la mujer; síndrome de Cushing",
facies,Facies,opcion,170,De parálisis facial periférica,"Asimetría facial, imposibilidad de cerrar el párpado y borramiento del surco nasolabial",
facies,Facies,opcion,180,Caquéctica,"Rostro desnutrido, con pérdida del panículo adiposo y de la bola de Bichat; cáncer avanzado y tuberculosis",
facies,Facies,opcion,190,Esclerodérmica o de momia,"Inmovilidad facial por piel endurecida, pómulos salientes, nariz afilada y labios retraídos; esclerodermia",
facies,Facies,opcion,200,De Claude-Bernard-Horner,"Caída del párpado, ojo hundido y pupila pequeña de un solo lado; tumor del vértice pulmonar",
facies,Facies,opcion,210,Ictérica,"Coloración amarillenta de piel, conjuntivas y escleróticas",
facies,Facies,opcion,220,Adenoidea,Nariz pequeña y afilada con boca entreabierta permanente; hipertrofia de adenoides en el niño,
facies,Facies,opcion,230,De depresión,"Cabizbajo, mirada fija y expresión de tristeza; síndrome depresivo",
facies,Facies,opcion,240,Etílica,Rubor facial y ojos rojos; alcoholismo crónico,
facies,Facies,opcion,250,Cianótica,Cianosis labial intensa y congestión de las conjuntivas; eritrocitosis de altura y cor pulmonar crónico,
facies,Facies,opcion,260,Pálida,Palidez facial marcada sin los demás rasgos de la hipocrática; anemia y endocarditis bacteriana subaguda,
grado_enfermedad,Grado de enfermedad,opcion,10,No aparenta enfermedad,La primera mirada no muestra compromiso del organismo visto como un todo,
grado_enfermedad,Grado de enfermedad,opcion,20,Enfermedad leve,Compromiso discreto; el paciente se moviliza por sí mismo y conserva buen estado general,
grado_enfermedad,Grado de enfermedad,opcion,30,Enfermedad moderada,Compromiso evidente del organismo como un todo; corresponde al regular estado general,
grado_enfermedad,Grado de enfermedad,opcion,40,Enfermedad grave,"Compromiso marcado, con postración o decúbito pasivo; corresponde al mal estado general",
signo_destacado,Signo destacado,opcion,10,Ninguno destacable,La primera mirada no encuentra un signo que domine el cuadro,
signo_destacado,Signo destacado,opcion,20,Palidez,"Desaparición del tono rosado, incluidas palmas y plantas; susto, dolor, shock o anemia",
signo_destacado,Signo destacado,opcion,30,Ictericia,"Coloración amarillenta de piel, mucosas y escleróticas; se ve mejor en la esclerótica",
signo_destacado,Signo destacado,opcion,40,Cianosis,"Coloración azulada en labios, punta de la nariz, lóbulos de la oreja y pulpejos de los dedos",
signo_destacado,Signo destacado,opcion,50,Rubicundez,"Tono rosado exagerado de la piel; fiebre, exposición al sol, policitemia",
signo_destacado,Signo destacado,opcion,60,Deshidratación,"Piel seca con signo del pliegue positivo, mucosas secas y ojos hundidos",
signo_destacado,Signo destacado,opcion,70,Edema,Acumulación de líquido en el tejido celular subcutáneo,
signo_destacado,Signo destacado,opcion,80,Fiebre,"Alza térmica, con pómulos enrojecidos y ojos brillantes",
signo_destacado,Signo destacado,opcion,90,Caquexia,Pérdida de peso extrema con compromiso del estado general,
signo_destacado,Signo destacado,opcion,100,Obesidad,"Exceso de tejido adiposo, con peso e índice de masa corporal por encima de lo normal",
signo_destacado,Signo destacado,opcion,110,Dificultad respiratoria,"Respiración superficial y rápida, con tiraje o uso de musculatura accesoria",
signo_destacado,Signo destacado,opcion,120,Decúbito pasivo,No cambia de posición por sí mismo; enfermo adinámico o comatoso,
signo_destacado,Signo destacado,opcion,130,Ortopnea,Se sienta o se semisienta para aliviar la disnea,
signo_destacado,Signo destacado,opcion,140,Alteración del nivel de conciencia,Desde el estado confusional y la somnolencia hasta el coma,
signo_destacado,Signo destacado,opcion,150,Facies característica,El rostro reconoce un patrón de enfermedad; se precisa en el campo de facies,
signo_destacado,Signo destacado,opcion,160,Movimientos involuntarios,Movimientos que aparecen sin voluntad del paciente y se ven a simple vista,
signo_destacado,Signo destacado,opcion,170,Marcha alterada,"Alteración de la velocidad, de la línea de avance o del braceo al caminar",
biotipo,Tipo constitucional,opcion,10,Longilíneo,"Alto y delgado, extremidades largas, tórax estrecho, musculatura y panículo adiposo escasos; ángulo de Charpy menor de 90 grados",
biotipo,Tipo constitucional,opcion,20,Normolíneo,"Tipo intermedio, con equilibrio entre extremidades y tronco; ángulo de Charpy igual a 90 grados",
biotipo,Tipo constitucional,opcion,30,Brevilíneo,"Tipo corto o pícnico, extremidades cortas, cuello corto y grueso, panículo adiposo desarrollado; ángulo de Charpy mayor de 90 grados",
piel_color,Color de la piel,opcion,10,Rosada,Tono normal: levemente rosado en la piel clara y oscuro en la piel morena,
piel_color,Color de la piel,opcion,20,Palidez generalizada,"Desaparición del tono rosado, incluidas palmas y plantas; susto, dolor, shock o anemia",
piel_color,Color de la piel,opcion,30,Palidez localizada,"Solo en un miembro, por isquemia de obstrucción arterial",Palidez localizada en {localizacion}
piel_color,Color de la piel,opcion,40,Rubicundez generalizada,"Tono rosado exagerado por más glóbulos rojos en la red cutánea; fiebre, sol, policitemia",
piel_color,Color de la piel,opcion,50,Rubicundez localizada,"Enrojecimiento fugaz o circunscrito; emoción, climaterio, celulitis",Rubicundez localizada en {localizacion}
piel_color,Color de la piel,opcion,60,Cianosis,"Coloración azulada por hemoglobina reducida mayor de 5 gramos por decilitro; se busca en labios, punta de la nariz, lóbulos de la oreja y pulpejos",
piel_color,Color de la piel,opcion,70,Ictericia,"Coloración amarillenta de piel, mucosas y escleróticas; bilirrubina mayor de 2.5 miligramos por ciento",
piel_color,Color de la piel,opcion,80,Albinismo,Blanco lechoso por falta congénita de melanina,
piel_color,Color de la piel,opcion,90,Bronceada,Bronceado por alteración del metabolismo de la melanina; enfermedad de Addison y hemocromatosis,
piel_temp,Temperatura de la piel,opcion,10,Tibia y simétrica,"Temperatura normal, igual en las regiones simétricas",
piel_temp,Temperatura de la piel,opcion,20,Aumentada de forma generalizada,"Fiebre, calor ambiental o hipertiroidismo",
piel_temp,Temperatura de la piel,opcion,30,Disminuida de forma generalizada,Shock o hipotiroidismo,
piel_temp,Temperatura de la piel,opcion,40,Aumentada de forma localizada,Inflamación local,Piel caliente en {localizacion}
piel_temp,Temperatura de la piel,opcion,50,Disminuida de forma localizada,"Obstrucción arterial, con la zona distal fría",Piel fría en {localizacion}
piel_elasticidad,Elasticidad de la piel,opcion,10,Conservada,El pliegue cutáneo se deshace de inmediato al soltarlo,
piel_elasticidad,Elasticidad de la piel,opcion,20,"Disminuida, con signo del pliegue positivo",El pliegue tarda en volver a su posición; deshidratación,
piel_elasticidad,Elasticidad de la piel,opcion,30,Disminuida por atrofia senil,"Piel fina, lisa y translúcida del anciano; el pliegue se toma en la frente o el esternón para no confundirse",
piel_lesiones,Anormalidades de la piel,opcion,10,Sin lesiones,Piel sin lesiones elementales,
piel_lesiones,Anormalidades de la piel,opcion,20,Mácula,"Área de color diferente, sin relieve ni elevación; vitíligo, cloasma, telangiectasias",Mácula en {localizacion}
piel_lesiones,Anormalidades de la piel,opcion,30,Pápula,"Elevación sólida de 1 milímetro a 1 centímetro, de bordes definidos; verrugas, urticaria",Pápula en {localizacion}
piel_lesiones,Anormalidades de la piel,opcion,40,Vesícula,"Elevación de alrededor de 1 centímetro con líquido seroso; herpes zóster, varicela",Vesícula en {localizacion}
piel_lesiones,Anormalidades de la piel,opcion,50,Ampolla,"Colección líquida, purulenta o no; quemaduras, impétigo",Ampolla en {localizacion}
piel_lesiones,Anormalidades de la piel,opcion,60,Pústula,Colección de líquido purulento; impétigo,Pústula en {localizacion}
piel_lesiones,Anormalidades de la piel,opcion,70,Petequias,Manchas hemorrágicas puntiformes,Petequias en {localizacion}
piel_lesiones,Anormalidades de la piel,opcion,80,Víbices,Manchas hemorrágicas lineales,Víbices en {localizacion}
piel_lesiones,Anormalidades de la piel,opcion,90,Equimosis,Placas hemorrágicas azuladas que cambian de color con los días,"Equimosis en {localizacion}, de {cm} cm"
piel_lesiones,Anormalidades de la piel,opcion,100,Costra,"Residuo seco de secreción serosa, hemática o purulenta",Costra en {localizacion}
piel_lesiones,Anormalidades de la piel,opcion,110,Erosión o escoriación,Despegamiento superficial hasta la epidermis; arañazos,Erosión en {localizacion}
piel_lesiones,Anormalidades de la piel,opcion,120,Fisura,"Solución de continuidad que compromete el epitelio; labios, ano, eccema",Fisura en {localizacion}
piel_lesiones,Anormalidades de la piel,opcion,130,Ulceración,Pérdida delimitada que llega a la dermis o al tejido celular subcutáneo y deja cicatriz,"Ulceración en {localizacion}, de {cm} cm"
piel_lesiones,Anormalidades de la piel,opcion,140,Cicatriz,Reposición por tejido fibroso del tejido destruido,"Cicatriz en {localizacion}, de {cm} cm"
piel_lesiones,Anormalidades de la piel,opcion,150,Liquenificación,Espesamiento de la piel con acentuación de las estrías; eccema,Liquenificación en {localizacion}
piel_lesiones,Anormalidades de la piel,opcion,160,Fístula,Conexión con un foco de supuración que drena líquido,Fístula en {localizacion}
piel_lesiones,Anormalidades de la piel,opcion,170,Escama,Láminas epidérmicas secas que se desprenden; quemadura solar,Escamas en {localizacion}
piel_lesiones,Anormalidades de la piel,opcion,180,Escara,"Tejido necrosado, insensible y oscuro, separado del sano por un surco; úlcera por decúbito","Escara en {localizacion}, de {cm} cm"
piel_lesiones,Anormalidades de la piel,opcion,190,Atrofia,"Piel adelgazada, fina, lisa y translúcida; atrofia senil",
piel_lesiones,Anormalidades de la piel,opcion,200,Hiperqueratosis,Aumento del espesor de la capa córnea; callos por calzado ajustado,Hiperqueratosis en {localizacion}
piel_lesiones,Anormalidades de la piel,opcion,210,Hiperhidrosis,"Sudoración aumentada; fiebre, hipertiroidismo, dolor, shock",
piel_lesiones,Anormalidades de la piel,opcion,220,Anhidrosis,"Sudoración disminuida o ausente; deshidratación, diabetes mellitus, mixedema, insuficiencia renal crónica",
unas_color,Color de las uñas,opcion,10,Rosadas,"Color normal de la uña, de superficie lisa y brillante",
unas_color,Color de las uñas,opcion,20,Pálidas,Palidez del lecho ungueal; anemia,
unas_color,Color de las uñas,opcion,30,Cianóticas,Coloración azulada del lecho ungueal; se busca en el pulpejo de los dedos,
unas_color,Color de las uñas,opcion,40,Leuconiquia,Manchas blancas; aparece también en personas sanas,
unas_color,Color de las uñas,opcion,50,Sin brillo,La uña normal es brillante; el brillo se pierde en los estados carenciales,
unas_forma,Forma de las uñas,opcion,10,"Normal, con ángulo de implantación menor de 160 grados","Superficie lisa y brillante, de espesor y consistencia firmes",
unas_forma,Forma de las uñas,opcion,20,En vidrio de reloj,"Angulación mayor de 160 grados, convexa, con dedos en palillo de tambor; cáncer de pulmón, cardiopatías congénitas cianóticas, endocarditis subaguda, broncopatías crónicas",
unas_forma,Forma de las uñas,opcion,30,Coiloniquia,Uña excavada en cuchara; anemias hipocrómicas,
unas_forma,Forma de las uñas,opcion,40,Onicogrifosis,Uña en forma de gancho,
unas_forma,Forma de las uñas,opcion,50,Onicorrexis,Uña frágil y gruesa; insuficiencia arterial,
unas_forma,Forma de las uñas,opcion,60,Distróficas,Espesor aumentado y forma irregular; trabajo descalzo con traumatismo repetido,
unas_forma,Forma de las uñas,opcion,70,Onicomicosis,Alteración de la forma de la uña producida por hongos,
unas_estrias,Estrías de las uñas,opcion,10,Ausentes,"Superficie de la uña lisa, sin surcos",
unas_estrias,Estrías de las uñas,opcion,20,Longitudinales,Surcos paralelos al eje del dedo,
unas_estrias,Estrías de las uñas,opcion,30,Transversales,Surcos que cruzan la uña de un borde al otro,
unas_estrias,Estrías de las uñas,opcion,40,Longitudinales y transversales,Se ven los dos tipos de surco a la vez,
pelo_color,Color del cabello y del vello,opcion,10,Negro,El color más frecuente,
pelo_color,Color del cabello y del vello,opcion,20,Castaño,Varía según la raza,
pelo_color,Color del cabello y del vello,opcion,30,Rubio,Varía según la raza,
pelo_color,Color del cabello y del vello,opcion,40,Canoso,Pérdida del pigmento propia de la edad,
pelo_color,Color del cabello y del vello,opcion,50,Despigmentado,"Pierde pigmento por desnutrición proteica, sobre todo en la infancia",
pelo_color,Color del cabello y del vello,opcion,60,Teñido,Coloración modificada artificialmente,
pelo_sequedad,Sequedad del cabello,opcion,10,"Normal, con brillo conservado",Cabello hidratado y brillante,
pelo_sequedad,Sequedad del cabello,opcion,20,Seco y sin brillo,El brillo se pierde en los estados carenciales y en el mixedema del hipotiroidismo avanzado,
pelo_fragilidad,Fragilidad del cabello,opcion,10,"Ausente, resiste la tracción",El cabello no se quiebra ni se desprende al traccionarlo,
pelo_fragilidad,Fragilidad del cabello,opcion,20,Fino y quebradizo,"En la desnutrición proteica el cabello se vuelve fino, seco y quebradizo",
pelo_fragilidad,Fragilidad del cabello,opcion,30,Se arranca con poca tracción,Forma grave de desnutrición proteica,
pelo_fragilidad,Fragilidad del cabello,opcion,40,Con caída del pelo,"Se verifica por anamnesis; hepatopatías crónicas, desnutrición, esclerodermia, diabetes mellitus y dermatosis",
pelo_distribucion,Distribución del sistema piloso,opcion,10,Acorde al sexo y a la edad,"En el varón barba, vello torácico y pelo pubiano de implantación romboidal; en la mujer sin barba ni vello torácico y pelo pubiano triangular",
pelo_distribucion,Distribución del sistema piloso,opcion,20,Hirsutismo,"Pelos más largos, duros y espesos en lugares donde no deberían existir en la mujer; obliga a estudio endocrino",
pelo_distribucion,Distribución del sistema piloso,opcion,30,Alopecia parcial,Ausencia parcial del cabello,Alopecia parcial en {localizacion}
pelo_distribucion,Distribución del sistema piloso,opcion,40,Alopecia total,Ausencia total del cabello,
pelo_distribucion,Distribución del sistema piloso,opcion,50,Calvicie senil,"Causa habitual de alopecia, parcial o total, en el paciente de edad avanzada",
pelo_distribucion,Distribución del sistema piloso,opcion,60,Implantación femenina en el varón,Frente corta y sin entradas laterales; puede verse en el hipogonadismo masculino,
pelo_distribucion,Distribución del sistema piloso,opcion,70,Implantación masculina en la mujer,"Frente alta con entradas laterales, por exceso de andrógenos",
pelo_distribucion,Distribución del sistema piloso,opcion,80,"Vello fino y escaso en labio superior, mejillas o línea media abdominal","Puede ser normal en la mujer, sobre todo de zonas tropicales",
tcs_cantidad,Cantidad de tejido celular subcutáneo,opcion,10,Normal,Panículo adiposo de espesor conservado al pinzar el pliegue cutáneo,
tcs_cantidad,Cantidad de tejido celular subcutáneo,opcion,20,Aumentada,Panículo adiposo en capa gruesa,
tcs_cantidad,Cantidad de tejido celular subcutáneo,opcion,30,Disminuida,Panículo adiposo escaso,
tcs_distribucion,Distribución del tejido celular subcutáneo,opcion,10,Normal para el sexo y la edad,"Predomina en rostro y tórax en el niño, y en muslo y nalgas en la mujer",
tcs_distribucion,Distribución del tejido celular subcutáneo,opcion,20,Central o androide,"Grasa en tórax y abdomen, incluida la intraabdominal; se asocia a diabetes mellitus, hipertensión arterial e infarto de miocardio",
tcs_distribucion,Distribución del tejido celular subcutáneo,opcion,30,Periférica o ginecoide,"Grasa en caderas, nalgas y región pélvica; menor riesgo cardiometabólico",
tcs_distribucion,Distribución del tejido celular subcutáneo,opcion,40,De tipo Cushing,"Grasa en cara, abdomen y columna dorsal, con las extremidades relativamente respetadas",
tcs_tumoracion,Tumoraciones del tejido celular subcutáneo,opcion,10,Ninguna,No se palpan tumoraciones,
tcs_tumoracion,Tumoraciones del tejido celular subcutáneo,opcion,20,Lipoma,Tumoración benigna de tejido adiposo,"Lipoma en {localizacion}, de {cm} cm"
tcs_tumoracion,Tumoraciones del tejido celular subcutáneo,opcion,30,Fibroma,Tumoración benigna de tejido conjuntivo,"Fibroma en {localizacion}, de {cm} cm"
tcs_tumoracion,Tumoraciones del tejido celular subcutáneo,opcion,40,Quiste sebáceo,Tumoración por retención de secreción sebácea,"Quiste sebáceo en {localizacion}, de {cm} cm"
tcs_nodulo,Nódulo,opcion,10,Ausente,No se palpan nódulos,
tcs_nodulo,Nódulo,opcion,20,Nódulo,"Formación sólida profunda de 1 a 3 centímetros, con o sin elevación visible; tuberculosis cutánea, lepra, eritema nudoso, metástasis",Nódulo de {cm} cm en {localizacion}
tcs_nodulo,Nódulo,opcion,30,Tumor,Nódulo mayor de 3 centímetros; epiteliomas y tumores pediculados,Tumor de {cm} cm en {localizacion}
tcs_edema,Edema del tejido celular subcutáneo,opcion,10,Ausente,No se encuentra fóvea a la digitopresión sobre la tibia o el sacro,
tcs_edema,Edema del tejido celular subcutáneo,opcion,20,Pre-edema,"Retención de menos de 5 litros, todavía sin fóvea; solo se detecta por el peso del paciente",
tcs_edema,Edema del tejido celular subcutáneo,opcion,30,Localizado,"Circunscrito a un área; trombosis venosa profunda, linfedema, celulitis, angioedema, edema en esclavina o traumatismo",Edema localizado en {localizacion}
tcs_edema,Edema del tejido celular subcutáneo,opcion,40,Generalizado o anasarca,"Compromete además órganos internos y cavidades serosas: ascitis, derrame pleural, derrame pericárdico",
tcs_enfisema,Enfisema subcutáneo,opcion,10,Ausente,No se percibe crepitación gaseosa a la palpación,
tcs_enfisema,Enfisema subcutáneo,opcion,20,Presente,"Aire o gas en el tejido celular subcutáneo, que se percibe como crepitación gaseosa; más frecuente en cuello, tórax, axila y abdomen",Enfisema subcutáneo con crepitación gaseosa en {localizacion}
craneo_forma,Forma del cráneo,opcion,10,Normocéfalo,Cráneo ovoide normal: 19 cm de diámetro anteroposterior y 16 cm de transversal,
craneo_forma,Forma del cráneo,opcion,20,Dolicocéfalo,"Diámetro anteroposterior predominante, cabeza alargada por cierre prematuro de la sutura sagital",
craneo_forma,Forma del cráneo,opcion,30,Mesocéfalo,"Diámetros equilibrados, cabeza redondeada",
craneo_forma,Forma del cráneo,opcion,40,Braquicéfalo,"Diámetro transversal predominante, cabeza achatada",
craneo_forma,Forma del cráneo,opcion,50,Turricéfalo,"Cráneo en torre: diámetro vertical predominante, cabeza alargada hacia arriba",
craneo_tamano,Tamaño del cráneo,opcion,10,Normal,Circunferencia de 54 cm en la mujer y de 56 cm en el varón,
craneo_tamano,Tamaño del cráneo,opcion,20,Macrocefalia,"Circunferencia aumentada: hidrocefalia en el niño, raquitismo, acromegalia",
craneo_tamano,Tamaño del cráneo,opcion,30,Microcefalia,Circunferencia menor de 51 cm; anomalía congénita ligada a retardo mental,
simetria_facial,Simetría de la cara,opcion,10,Simétrica,"Ambos lados iguales al arrugar la frente, cerrar los ojos y sonreír",
simetria_facial,Simetría de la cara,opcion,20,Asimetría facial,"Se pierde en la parotiditis, los tumores y las secuelas de accidente cerebrovascular",
simetria_facial,Simetría de la cara,opcion,30,Parálisis facial periférica,"Compromete toda la hemicara: borra las arrugas frontales, desciende la ceja, impide el cierre palpebral, borra el surco nasogeniano y desvía la comisura al lado sano",
simetria_facial,Simetría de la cara,opcion,40,Edema facial,Hinchazón difusa de la cara,
frente_lineas,Frente y cejas,opcion,10,Líneas de expresión conservadas,Arruga la frente de forma simétrica,
frente_lineas,Frente y cejas,opcion,20,Arrugas frontales borradas,Se borran del lado comprometido en la parálisis facial periférica,
frente_lineas,Frente y cejas,opcion,30,Madarosis,"Caída de las cejas: mixedema, lepra, desnutrición avanzada, sífilis, esclerodermia",
parpados,Párpados,opcion,10,Sin alteraciones,"Párpados simétricos, sin edema ni ptosis",
parpados,Párpados,opcion,20,Edema palpebral,"Síndrome nefrótico o nefrítico, edema alérgico o de Quincke, mixedema, signo de Romaña",
parpados,Párpados,opcion,30,Ptosis palpebral,Caída del párpado: parálisis del tercer par craneal; en la miastenia gravis puede ser total,
parpados,Párpados,opcion,40,Hendidura palpebral asimétrica,Diferencia de apertura entre ambos ojos; acompaña a la ptosis y al enoftalmos,
parpados,Párpados,opcion,50,Cierre palpebral incompleto,"El párpado no cubre el globo ocular, con epífora acompañante",
parpados,Párpados,opcion,60,Xantelasma,Placas amarillentas sobreelevadas en el ángulo interno; hipercolesterolemia,
parpados,Párpados,opcion,70,Ectropión,"Eversión del borde palpebral hacia fuera, por irritación crónica del globo ocular",
parpados,Párpados,opcion,80,Entropión,"Inversión del borde palpebral hacia dentro, con roce de las pestañas contra la córnea",
parpados,Párpados,opcion,90,Chalazión,Infección de una glándula sebácea del borde palpebral,
parpados,Párpados,opcion,100,Orzuelo,"Infección aguda del folículo piloso de una pestaña, con tendencia a supurar",
parpados,Párpados,opcion,110,Blefaritis,Inflamación del borde libre del párpado,
parpados,Párpados,opcion,120,Blefaroespasmo,Contracción enérgica involuntaria del párpado,
globos_oculares,Globos oculares y movimientos oculares,opcion,10,Sin alteraciones,"Globos oculares centrados, con movimientos conservados",
globos_oculares,Globos oculares y movimientos oculares,opcion,20,Exoftalmos bilateral,Protrusión de ambos globos oculares; enfermedad de Graves-Basedow con hipertiroidismo,
globos_oculares,Globos oculares y movimientos oculares,opcion,30,Exoftalmos unilateral,"Fístula arteriovenosa, trombosis del seno cavernoso o hematoma retrobulbar",
globos_oculares,Globos oculares y movimientos oculares,opcion,40,Enoftalmos,"Hundimiento del globo ocular: bilateral en la deshidratación, unilateral en el síndrome de Claude Bernard Horner",
globos_oculares,Globos oculares y movimientos oculares,opcion,50,Estrabismo convergente,Esotropía: el ojo se desvía hacia dentro; parálisis del sexto par craneal,
globos_oculares,Globos oculares y movimientos oculares,opcion,60,Estrabismo divergente,Exotropía: el ojo se desvía hacia fuera; parálisis del tercer par craneal,
globos_oculares,Globos oculares y movimientos oculares,opcion,70,Nistagmo,"Oscilación ocular rítmica; estrabismo, catarata, coriorretinitis, disfunción cerebral",
globos_oculares,Globos oculares y movimientos oculares,opcion,80,Movimientos oculares limitados,Limitación en alguna de las seis posiciones de la mirada; parálisis oculomotora,
glandula_lagrimal,Glándulas lagrimales,opcion,10,Sin alteraciones,"Glándula no inflamada, sin exceso ni falta de lágrima",
glandula_lagrimal,Glándulas lagrimales,opcion,20,Dacriocistitis,"Inflamación de la glándula lagrimal: aguda viral, crónica en sarcoidosis o leucemia",
glandula_lagrimal,Glándulas lagrimales,opcion,30,Epífora,Exceso de lágrima que no drena y termina saliendo de forma involuntaria,
glandula_lagrimal,Glándulas lagrimales,opcion,40,Xeroftalmia,Falta de lágrima; junto con la xerostomía compone el síndrome de Sjögren,
conjuntiva,Conjuntiva,opcion,10,Rosada,"Conjuntiva normal, con red vascular apenas visible",
conjuntiva,Conjuntiva,opcion,20,Pálida,"Palidez conjuntival, signo de anemia",
conjuntiva,Conjuntiva,opcion,30,Ictérica,Coloración amarilla de la conjuntiva,
conjuntiva,Conjuntiva,opcion,40,Hiperémica,"Congestión conjuntival: poliglobulia de altura, traumatismo, alergia, aumento de la presión intraocular",
conjuntiva,Conjuntiva,opcion,50,Quemosis,Edema de la conjuntiva,
conjuntiva,Conjuntiva,opcion,60,Pingüécula,Pequeño repliegue en el ángulo interno del ojo,
conjuntiva,Conjuntiva,opcion,70,Pterigión,"Crecimiento de la pingüécula sobre la córnea, la carnosidad popular, favorecido por el polvo",
conjuntiva,Conjuntiva,opcion,80,Petequias,Puntos hemorrágicos en la conjuntiva,
conjuntiva,Conjuntiva,opcion,90,Hemorragia subconjuntival,Derrame de sangre bajo la conjuntiva por traumatismo o esfuerzo,
conjuntiva,Conjuntiva,opcion,100,Secreción,"Material purulento, distinto del lagrimeo; blefaritis, conjuntivitis",
esclerotica,Esclerótica,opcion,10,Anictérica,Esclerótica blanquecina normal,
esclerotica,Esclerótica,opcion,20,Ictérica,"Esclerótica amarilla, por patología biliar",
esclerotica,Esclerótica,opcion,30,Hiperémica,Esclerótica enrojecida y dolorosa; escleritis,
cornea,Córnea,opcion,10,Transparente,"Córnea normal, transparente",
cornea,Córnea,opcion,20,Opacidad corneal,"Se opacifica por glaucoma, traumatismo o infección ulcerada; no confundir con el arco senil",
cornea,Córnea,opcion,30,Cicatriz corneal,Secuela cicatricial de traumatismo o úlcera,
cornea,Córnea,opcion,40,Ulceración corneal,Pérdida de sustancia de la córnea por infección,
cornea,Córnea,opcion,50,Arco senil,Halo blanquecino o pardusco de la edad avanzada o de la hipercolesterolemia,
cornea,Córnea,opcion,60,Queratitis,Inflamación de la córnea; integra la tríada de Hutchinson con los dientes y la sordera,
cornea,Córnea,opcion,70,Deformación corneal,Alteración de la curvatura normal de la córnea,
cornea,Córnea,opcion,80,Reflejo corneal ausente,No cierra el ojo al tocar la córnea con una gasa; lesión de la rama oftálmica del trigémino,
pupilas_simetria,Simetría pupilar,opcion,10,Isocóricas,Pupilas iguales entre sí,
pupilas_simetria,Simetría pupilar,opcion,20,Anisocóricas,Pupilas de distinto tamaño; el 5 % de la población la tiene de forma fisiológica y leve,
pupilas_tamano,Tamaño pupilar,opcion,10,"Normal, de 2 a 4 milímetros",Diámetro pupilar normal; otros autores aceptan de 2 a 6 milímetros,
pupilas_tamano,Tamaño pupilar,opcion,20,"Miosis, menor de 2 milímetros","Pupila contraída, por predominio del esfínter del iris",
pupilas_tamano,Tamaño pupilar,opcion,30,"Midriasis, mayor de 4 milímetros",Pupila dilatada; arreactiva en la parálisis completa del tercer par craneal,
pupilas_forma,Forma pupilar,opcion,10,Redondeadas y centrales,"Forma normal, de contorno regular",
pupilas_forma,Forma pupilar,opcion,20,Elípticas,Contorno ovalado de la pupila,
pupilas_forma,Forma pupilar,opcion,30,Discoria,Contorno irregular de la pupila,
pupilas_forma,Forma pupilar,opcion,40,Coloboma,"Falta de cierre de una estructura ocular circular: córnea, iris, cuerpo ciliar o coroides",
pupilas_forma,Forma pupilar,opcion,50,Pupila ectópica,Desplazamiento de la posición normal de la pupila,
reflejo_pupilar,Reflejos pupilares,opcion,10,Presente,Respuesta normal conservada,
reflejo_pupilar,Reflejos pupilares,opcion,20,Disminuido,"Respuesta perezosa, de menor amplitud",
reflejo_pupilar,Reflejos pupilares,opcion,30,Ausente,No hay respuesta,
cristalino,Cristalino,opcion,10,Transparente,Lente transparente situado detrás de la pupila,
cristalino,Cristalino,opcion,20,Opacidad del cristalino,Catarata incipiente,
cristalino,Cristalino,opcion,30,Catarata con pupila blanquecina,"Catarata madura: senil, diabética o por uso prolongado de corticoides",
cristalino,Cristalino,opcion,40,Cristalino luxado,Desplazamiento del cristalino; produce diplopía monocular,
nariz_forma,Forma de la nariz,opcion,10,"Normal, sin deformaciones",Pirámide nasal de forma y tamaño conservados,
nariz_forma,Forma de la nariz,opcion,20,Nariz en silla de montar,"Hundida por destrucción ósea; sífilis, incluso congénita",
nariz_forma,Forma de la nariz,opcion,30,Nariz ancha y chata,Por infiltración mucoide; mixedema,
nariz_forma,Forma de la nariz,opcion,40,Rinofima,Nariz de tomate: hipertrofia rosada-violácea por crecimiento glandular y de tejido conjuntivo,
nariz_forma,Forma de la nariz,opcion,50,Eritema en alas de mariposa,Sobre la nariz y las mejillas; lupus eritematoso sistémico,
nariz_forma,Forma de la nariz,opcion,60,Rubicundez con telangiectasias,Alcoholismo crónico,
nariz_forma,Forma de la nariz,opcion,70,Deformación postraumática,Secuela de traumatismo o fractura nasal,
presente_ausente,Presente o ausente,opcion,10,Ausente,No se encuentra el hallazgo,
presente_ausente,Presente o ausente,opcion,20,Presente,Se encuentra el hallazgo,
mucosa_nasal,Mucosa nasal,opcion,10,Rosada y húmeda,Mucosa normal; la respiración nasal es fácil y silenciosa,
mucosa_nasal,Mucosa nasal,opcion,20,Congestiva,Mucosa enrojecida y tumefacta; rinitis,
mucosa_nasal,Mucosa nasal,opcion,30,Pálida,"Mucosa pálida, propia de la rinitis alérgica",
mucosa_nasal,Mucosa nasal,opcion,40,Secreción serosa,Serosa y blanquecina; rinitis alérgica,
mucosa_nasal,Mucosa nasal,opcion,50,Secreción mucopurulenta,"Purulenta, verduzca-amarillenta; sinusitis",
mucosa_nasal,Mucosa nasal,opcion,60,Epistaxis,"Hemorragia nasal, la más frecuente de todas; con causas locales y sistémicas",
mucosa_nasal,Mucosa nasal,opcion,70,Pólipos,Formaciones que obstruyen la fosa nasal y producen hiposmia,
mucosa_nasal,Mucosa nasal,opcion,80,Hipertrofia de cornetes,Causa de obstrucción nasal e hiposmia,
mucosa_nasal,Mucosa nasal,opcion,90,Fosa nasal no permeable,No pasa el aire al ocluir la fosa contraria,
mucosa_nasal,Mucosa nasal,opcion,100,Falsas membranas,Rinorrea con falsas membranas; difteria,
tabique_nasal,Tabique nasal,opcion,10,Centrado,Tabique en la línea media,
tabique_nasal,Tabique nasal,opcion,20,Desviado,"Desviación del tabique, causa de obstrucción nasal",
tabique_nasal,Tabique nasal,opcion,30,Perforado,"Perforación del tabique: uso de cocaína, tuberculosis nasal, cirugía",
pabellones_auriculares,Pabellones auriculares,opcion,10,Simétricos y de implantación normal,"Lóbulo, hélix, antihélix, trago y antitrago sin anomalías",
pabellones_auriculares,Pabellones auriculares,opcion,20,Implantación baja,Anomalía congénita de la implantación del pabellón,
pabellones_auriculares,Pabellones auriculares,opcion,30,Aotía,Ausencia congénita de la oreja,
pabellones_auriculares,Pabellones auriculares,opcion,40,Microtia,Pabellón auricular pequeño,
pabellones_auriculares,Pabellones auriculares,opcion,50,Macrotia,Pabellón auricular grande,
pabellones_auriculares,Pabellones auriculares,opcion,60,Poliotia,Esbozos múltiples de pabellón auricular,
pabellones_auriculares,Pabellones auriculares,opcion,70,Tofos,Depósitos de urato en el pabellón; hiperuricemia,
pabellones_auriculares,Pabellones auriculares,opcion,80,Dolor a la presión de la apófisis mastoides,Se exacerba característicamente en la mastoiditis,
pabellones_auriculares,Pabellones auriculares,opcion,90,Pelos en el trago,Hallazgo normal en el varón mayor,
conducto_auditivo,Conducto auditivo externo,opcion,10,"Permeable, sin secreciones","Conducto libre y membrana timpánica blanca translúcida, íntegra y adherida",
conducto_auditivo,Conducto auditivo externo,opcion,20,Tapón de cerumen,Obstrucción del conducto por cerumen; causa local de acúfenos e hipoacusia,
conducto_auditivo,Conducto auditivo externo,opcion,30,Cuerpo extraño,Objeto alojado en el conducto auditivo,
conducto_auditivo,Conducto auditivo externo,opcion,40,Otorrea serosa o mucosa,Salida de líquido seroso o mucoso por el conducto,
conducto_auditivo,Conducto auditivo externo,opcion,50,Otorrea purulenta,Salida de pus; otitis media,
conducto_auditivo,Conducto auditivo externo,opcion,60,Otorrea de líquido claro,Salida de líquido cefalorraquídeo por fractura de la base del cráneo,
conducto_auditivo,Conducto auditivo externo,opcion,70,Otorragia,Salida de sangre por traumatismo del conducto o ruptura timpánica,
conducto_auditivo,Conducto auditivo externo,opcion,80,Eccema del conducto,Causa local de prurito ótico,
conducto_auditivo,Conducto auditivo externo,opcion,90,Forúnculo del conducto,Causa local de otalgia,
conducto_auditivo,Conducto auditivo externo,opcion,100,"Membrana timpánica abombada, retraída o desgarrada",Alteraciones del tímpano propias de la otitis,
aliento,Olor del aliento,opcion,10,Sin olor particular,Aliento sin características orientadoras,
aliento,Olor del aliento,opcion,20,Halitosis,"Mal aseo bucal, restos alimenticios, infecciones bucales o respiratorias, caries",
aliento,Olor del aliento,opcion,30,Aliento alcohólico,Consumo reciente de alcohol,
aliento,Olor del aliento,opcion,40,Aliento urémico,Olor a orina; insuficiencia renal,
aliento,Olor del aliento,opcion,50,Aliento hepático,Olor a carne descompuesta,
aliento,Olor del aliento,opcion,60,Aliento cetónico,Olor a manzana; cetoacidosis diabética,
labios,Labios,opcion,10,Rosados y simétricos,Color y simetría normales,
labios,Labios,opcion,20,Pálidos,"Palidez labial, signo de anemia",
labios,Labios,opcion,30,Cianóticos,Cianosis por dificultad respiratoria,
labios,Labios,opcion,40,Asimetría de la comisura labial,Comisura desviada al lado sano en la parálisis facial,
labios,Labios,opcion,50,Queilosis,"Inflamación de las comisuras por frío, anemia o carencia del complejo B",
labios,Labios,opcion,60,Herpes labial,Vesículas agrupadas en el labio,
labios,Labios,opcion,70,Labio leporino,Anomalía congénita frecuente,
labios,Labios,opcion,80,Angioedema,Edema brusco de los labios,
labios,Labios,opcion,90,Lesión ulcerosa,Úlcera labial; chancro sifilítico,
labios,Labios,opcion,100,Angiomas,Malformaciones vasculares del labio,
dientes,Dientes,opcion,10,Completos y en buen estado de conservación,20 piezas en la dentición temporal y 32 en la permanente,
dientes,Dientes,opcion,20,Caries,Destrucción del tejido dentario,
dientes,Dientes,opcion,30,Piezas dentarias ausentes,Falta de piezas en la arcada,
dientes,Dientes,opcion,40,Raíces remanentes,Restos radiculares de piezas destruidas,
dientes,Dientes,opcion,50,Luxación dentaria,Pieza desplazada de su alvéolo,
dientes,Dientes,opcion,60,Prótesis parcial,Reemplazo de algunas piezas dentarias,
dientes,Dientes,opcion,70,Prótesis total,Reemplazo de toda la arcada; debe retirarse para examinar la boca,
dientes,Dientes,opcion,80,Piorrea,"Enfermedad de Riggs: supuración de las encías, frecuente en la diabetes mellitus",
dientes,Dientes,opcion,90,Dientes de Hutchinson,Incisivos estrechos con escotadura en el borde libre; sífilis congénita,
encias,Encías,opcion,10,Rosadas,Color normal de la encía,
encias,Encías,opcion,20,Pálidas,Palidez gingival; anemia,
encias,Encías,opcion,30,Cianóticas,Coloración azulada; hipoxia,
encias,Encías,opcion,40,Ictéricas,Se aprecian mejor cerca del frenillo lingual,
encias,Encías,opcion,50,Gingivitis,"Encías rojas, esponjosas y sangrantes; pelagra, escorbuto, linfomas",
encias,Encías,opcion,60,Tumefacción gingival,Aumento de volumen de la encía,
encias,Encías,opcion,70,Sangrado,Sangrado espontáneo o al roce,
encias,Encías,opcion,80,Supuración,Salida de pus; absceso alveolar o piorrea,
encias,Encías,opcion,90,Hiperplasia gingival,Crecimiento rugoso que cubre parte de los dientes; uso prolongado de hidantoínas,
encias,Encías,opcion,100,Pigmentación en la línea gingival,Puntos oscuros sobre la línea gingival; intoxicación por plomo,
encias,Encías,opcion,110,Aftas,Ulceraciones dolorosas de la mucosa gingival,
mucosa_oral,Mucosa oral,opcion,10,Rosada y húmeda,"Mucosa normal, más homogénea que la lengua",
mucosa_oral,Mucosa oral,opcion,20,Seca,"Sequedad de la mucosa; deshidratación, tras descartar la respiración bucal",
mucosa_oral,Mucosa oral,opcion,30,Pálida,Palidez de la mucosa; anemia,
mucosa_oral,Mucosa oral,opcion,40,Enantema,Erupción de la mucosa oral,
mucosa_oral,Mucosa oral,opcion,50,Ulceraciones,Pérdidas de sustancia de la mucosa,
mucosa_oral,Mucosa oral,opcion,60,Placas blancas adherentes,"Estomatitis por Cándida albicans, a veces con halo rojo; niños desnutridos",
mucosa_oral,Mucosa oral,opcion,70,Manchas de Koplik,Blanquecinas con halo rojo frente a los molares; anuncian el sarampión antes del exantema,
mucosa_oral,Mucosa oral,opcion,80,Pigmentación en pizarra negra,Boca de perro de la enfermedad de Addison,
mucosa_oral,Mucosa oral,opcion,90,Petequias,Puntos hemorrágicos en la mucosa,
mucosa_oral,Mucosa oral,opcion,100,Várices sublinguales,Dilataciones venosas bajo la lengua,
mucosa_oral,Mucosa oral,opcion,110,Secreciones,Secreciones anormales en la cavidad oral,
mucosa_oral,Mucosa oral,opcion,120,Ránula,Tumor quístico sublingual por obstrucción de una glándula salival,
mucosa_oral,Mucosa oral,opcion,130,Angina de Ludwig,"Infección bacteriana del piso bucal, casi siempre por un absceso dental",
lengua,Lengua,opcion,10,"Rojo rosada, húmeda y de superficie discretamente rugosa",Aspecto normal de la lengua,
lengua,Lengua,opcion,20,Seca,Lengua de loro por deshidratación; no confundir con la sequedad por respirar por la boca,
lengua,Lengua,opcion,30,Saburral,"Sustancia blanca acumulada, lengua sucia; fiebre tifoidea",
lengua,Lengua,opcion,40,Blanca,"Natas blancas o algodoncillo; moniliasis por Cándida, desnutrición, anemia perniciosa",
lengua,Lengua,opcion,50,En fresa,Papilas gruesas sobre superficie lisa y brillante; escarlatina,
lengua,Lengua,opcion,60,Escrotal,"Surcos irregulares, como piel de escroto; déficit de vitamina B",
lengua,Lengua,opcion,70,Geográfica,Áreas irregulares de bordes netos; hallazgo no patológico,
lengua,Lengua,opcion,80,Macroglosia,"Aumento global del tamaño: mixedema, acromegalia, amiloidosis, síndrome de Down",
lengua,Lengua,opcion,90,Atrófica,Volumen reducido; lesión del nervio hipogloso,
lengua,Lengua,opcion,100,Atrofia papilar,Pérdida de las papilas de la superficie lingual,
lengua,Lengua,opcion,110,Glositis,"Inflamación difusa, con enrojecimiento y dolor con alimentos calientes o salados",
lengua,Lengua,opcion,120,Ulceraciones,Pérdidas de sustancia en la lengua,
lengua,Lengua,opcion,130,Desviada al protruirla,Hemiplejia por accidente cerebrovascular o lesión del nervio hipogloso,
lengua,Lengua,opcion,140,Temblor lingual,"Hipertiroidismo, alcoholismo, parkinsonismo",
lengua,Lengua,opcion,150,Fasciculaciones,Contracciones espontáneas de los fascículos musculares de la lengua,
orofaringe,Orofaringe,opcion,10,"Rosada, sin exudados ni hipertrofia amigdalina",Aspecto normal de la orofaringe,
orofaringe,Orofaringe,opcion,20,Faringe eritematosa,Faringe roja; faringitis,
orofaringe,Orofaringe,opcion,30,Exudado amigdalino,Amígdalas supuradas; amigdalitis estreptocócica o viral,
orofaringe,Orofaringe,opcion,40,Amígdalas hipertróficas,Amígdalas crecidas,
orofaringe,Orofaringe,opcion,50,Pilares eritematosos,Enrojecimiento de los pilares amigdalinos,
orofaringe,Orofaringe,opcion,60,Úvula centrada,Posición normal de la úvula,
orofaringe,Orofaringe,opcion,70,Úvula desviada,Desviación de la úvula hacia un lado,
orofaringe,Orofaringe,opcion,80,Paladar duro y blando íntegros,Sin fisuras ni lesiones,
orofaringe,Orofaringe,opcion,90,Lesiones del paladar,"Petequias, enantema o fisuras del paladar duro o blando",
orofaringe,Orofaringe,opcion,100,Trismus,Contractura del masetero que impide abrir la boca; tétanos o fenotiazinas,
glandulas_salivales,Glándulas salivales,opcion,10,Sin alteraciones,"De las glándulas salivales, la única normalmente palpable es la submaxilar",
glandulas_salivales,Glándulas salivales,opcion,20,Glándula submaxilar palpable e indolora,Hallazgo normal,
glandulas_salivales,Glándulas salivales,opcion,30,Tumefacción parotídea,"Parotiditis, casi siempre con dolor e hipertermia local",
glandulas_salivales,Glándulas salivales,opcion,40,Dolor a la palpación,Sensibilidad aumentada de la glándula,
glandulas_salivales,Glándulas salivales,opcion,50,Ránula,Tumor quístico sublingual por obstrucción de una glándula salival,
glandulas_salivales,Glándulas salivales,opcion,60,Síndrome de Mikulicz,Inflamación de glándulas lagrimales y salivales por exceso de tejido linfático,
glandulas_salivales,Glándulas salivales,opcion,70,Xerostomía,Sequedad bucal; junto con la xeroftalmia compone el síndrome de Sjögren,
cuello_longitud,Longitud del cuello,opcion,10,Normal,"Longitud proporcionada, sin significado patológico",
cuello_longitud,Longitud del cuello,opcion,20,Corto y grueso,Variación constitucional propia del brevilíneo,
cuello_longitud,Longitud del cuello,opcion,30,Largo y fino,Variación constitucional propia del longilíneo,
cuello_forma,Forma del cuello,opcion,10,Cilíndrico y de contorno regular,"Forma normal, con los esternocleidomastoideos y la manzana de Adán visibles",
cuello_forma,Forma del cuello,opcion,20,Aumento de volumen por bocio,Aumento del volumen tiroideo que deforma el contorno del cuello,
cuello_forma,Forma del cuello,opcion,30,Aumento de volumen por adenopatías,Crecimiento de las cadenas ganglionares cervicales,
cuello_forma,Forma del cuello,opcion,40,Edema en esclavina,"Edema de cara, cuello y miembros superiores por obstrucción de la vena cava superior",
cuello_forma,Forma del cuello,opcion,50,Edema circunscrito,"Origen inflamatorio: foliculitis, celulitis, absceso",
cuello_forma,Forma del cuello,opcion,60,Enfisema subcutáneo,Aire en el tejido celular subcutáneo del cuello,
cuello_forma,Forma del cuello,opcion,70,Tumoración,Aumento de volumen localizado benigno o maligno,
cuello_movilidad,Movilidad del cuello,opcion,10,Conservada en todos los planos,"Flexión, extensión, rotación y lateralidad activas y pasivas",
cuello_movilidad,Movilidad del cuello,opcion,20,Limitada por dolor,El dolor aparece con el movimiento activo y pasivo,
cuello_movilidad,Movilidad del cuello,opcion,30,Limitada por rigidez,Resistencia al movimiento en uno o varios planos,
cuello_movilidad,Movilidad del cuello,opcion,40,Flácida,"Hipotonía cervical, mejor apreciada en la movilización pasiva",
cuello_rigidez,Rigidez del cuello,opcion,10,Ausente,Flexiona el cuello sobre el tronco sin resistencia ni dolor,
cuello_rigidez,Rigidez del cuello,opcion,20,Rigidez de nuca,Resistencia dolorosa a la flexión pasiva del cuello; meningitis viral o bacteriana,
cuello_rigidez,Rigidez del cuello,opcion,30,Tortícolis,Contractura del esternocleidomastoideo que mantiene el cuello desviado hacia un lado,
cuello_rigidez,Rigidez del cuello,opcion,40,Hipertonía de la musculatura cervical posterior,"Tétanos, irritación meníngea, espondiloartrosis",
cuello_cicatrices,Cicatrices y tumoraciones del cuello,opcion,10,Sin cicatrices ni tumoraciones,Piel del cuello sin lesiones ni masas palpables,
cuello_cicatrices,Cicatrices y tumoraciones del cuello,opcion,20,Cicatriz de tiroidectomía,"Amplia y transversal, a la altura del cartílago cricoides",
cuello_cicatrices,Cicatrices y tumoraciones del cuello,opcion,30,Cicatriz de traqueotomía,Cicatriz en la línea media anterior del cuello,
cuello_cicatrices,Cicatrices y tumoraciones del cuello,opcion,40,Cicatriz de biopsia ganglionar,Secuela quirúrgica sobre una cadena ganglionar,
cuello_cicatrices,Cicatrices y tumoraciones del cuello,opcion,50,Cicatriz retráctil de absceso ganglionar,Drenaje espontáneo de escrófulas en la tuberculosis ganglionar,
cuello_cicatrices,Cicatrices y tumoraciones del cuello,opcion,60,Adenopatías cervicales,"Precisar tamaño, número, consistencia, sensibilidad y adherencia a tejidos vecinos",
cuello_cicatrices,Cicatrices y tumoraciones del cuello,opcion,70,Adenopatía supraclavicular izquierda,Ganglio de Virchow-Troisier; prácticamente patognomónico de cáncer gástrico,
cuello_cicatrices,Cicatrices y tumoraciones del cuello,opcion,80,Quiste tirogloso,Anomalía congénita de la línea media del cuello,
cuello_cicatrices,Cicatrices y tumoraciones del cuello,opcion,90,Quiste branquial,Anomalía congénita lateral del cuello,
cuello_cicatrices,Cicatrices y tumoraciones del cuello,opcion,100,Higroma quístico,Anomalía congénita linfática del cuello,
cuello_cicatrices,Cicatrices y tumoraciones del cuello,opcion,110,Collar de Casal,Dermatosis en collar alrededor del cuello; pelagra,
cuello_cicatrices,Cicatrices y tumoraciones del cuello,opcion,120,Tumoración,Masa cervical de naturaleza por precisar,
tiroides_tamano,Tamaño de la tiroides,opcion,10,No palpable o de tamaño normal,"En personas delgadas puede palparse lisa, elástica, móvil e indolora",
tiroides_tamano,Tamaño de la tiroides,opcion,20,Bocio difuso,Aumento global del volumen tiroideo; todo aumento se designa como bocio,
tiroides_tamano,Tamaño de la tiroides,opcion,30,Bocio nodular,Aumento de volumen a expensas de uno o varios nódulos,
tiroides_tamano,Tamaño de la tiroides,opcion,40,Bocio segmentario,Aumento localizado en un segmento de la glándula,
tiroides_simetria,Simetría de la tiroides,opcion,10,Simétrica,Ambos lóbulos de igual volumen,
tiroides_simetria,Simetría de la tiroides,opcion,20,"Asimétrica, a predominio del lóbulo derecho",Un lóbulo mayor que el contralateral,
tiroides_simetria,Simetría de la tiroides,opcion,30,"Asimétrica, a predominio del lóbulo izquierdo",Un lóbulo mayor que el contralateral,
tiroides_consistencia,Consistencia de la tiroides,opcion,10,"Normal, firme",Consistencia habitual de la glándula sana,
tiroides_consistencia,Consistencia de la tiroides,opcion,20,Elástica,Consistencia blanda y elástica,
tiroides_consistencia,Consistencia de la tiroides,opcion,30,Endurecida,Consistencia aumentada,
tiroides_consistencia,Consistencia de la tiroides,opcion,40,Pétrea,Consistencia muy dura; orienta a cáncer,
tiroides_movilidad,Movilidad y nódulos de la tiroides,opcion,10,"Móvil con la deglución, sin nódulos",Hallazgo normal: asciende al deglutir y la superficie es lisa,
tiroides_movilidad,Movilidad y nódulos de la tiroides,opcion,20,Fija a planos superficiales,No se desplaza respecto de la piel,
tiroides_movilidad,Movilidad y nódulos de la tiroides,opcion,30,Fija a planos profundos,No asciende con la deglución,
tiroides_movilidad,Movilidad y nódulos de la tiroides,opcion,40,Superficie irregular,Superficie no lisa a la palpación,
tiroides_movilidad,Movilidad y nódulos de la tiroides,opcion,50,Nódulo único,"Precisar localización, consistencia, movilidad, superficie y sensibilidad",
tiroides_movilidad,Movilidad y nódulos de la tiroides,opcion,60,Nódulos múltiples,"Precisar número, localización, consistencia, movilidad y sensibilidad",
tiroides_sensibilidad,Sensibilidad de la tiroides,opcion,10,Indolora,Palpación no dolorosa,
tiroides_sensibilidad,Sensibilidad de la tiroides,opcion,20,Dolorosa a la palpación,Tiroiditis aguda o subaguda; más rara vez hemorragia o necrosis del lóbulo,
tiroides_sensibilidad,Sensibilidad de la tiroides,opcion,30,Dolorosa con la deglución,"Dolor de localización medial que empeora al deglutir, con aumento visible de la glándula",
tiroides_soplo,Soplos tiroideos,opcion,10,Ausente,El bocio no tóxico no presenta soplo,
tiroides_soplo,Soplos tiroideos,opcion,20,Soplo sistólico tiroideo,Por hiperirrigación glandular; típico del bocio tóxico de la enfermedad de Basedow-Graves,
tiroides_soplo,Soplos tiroideos,opcion,30,Soplo con frémito palpable,El frémito se palpa como acariciar el lomo de un gato,
traquea_posicion,Posición de la tráquea,opcion,10,Centrada,En la línea media del cuello,
traquea_posicion,Posición de la tráquea,opcion,20,Desviada a la derecha,Desplazamiento lateral por masa o retracción,
traquea_posicion,Posición de la tráquea,opcion,30,Desviada a la izquierda,Desplazamiento lateral por masa o retracción,
traquea_movilidad,Movilidad de la tráquea,opcion,10,Móvil con la deglución,Asciende con la deglución junto con la glándula tiroides,
traquea_movilidad,Movilidad de la tráquea,opcion,20,Movilidad disminuida,Asciende poco con la deglución,
traquea_movilidad,Movilidad de la tráquea,opcion,30,Fija,Adherida a los planos vecinos,
cuello_soplos,Soplos de los vasos del cuello,opcion,10,Ausente,Normalmente no se auscultan soplos en el cuello,
cuello_soplos,Soplos de los vasos del cuello,opcion,20,Rumor venoso,"Soplo suave y fisiológico, frecuente en niños y con emociones, ejercicio o decúbito dorsal",
cuello_soplos,Soplos de los vasos del cuello,opcion,30,Soplo sistólico carotídeo,"Obstrucción arterial: compresión, estrechez, aneurisma o dilatación",Soplo sistólico en el trayecto carotídeo {lado}
cuello_soplos,Soplos de los vasos del cuello,opcion,40,Soplo irradiado desde el corazón,"Por ejemplo, el de la estenosis aórtica irradiado hacia el cuello",
cuello_soplos,Soplos de los vasos del cuello,opcion,50,Soplo en arterias vertebrales,Lesión estenótica que se ausculta mejor en la región posterior del cuello,
mamas_desarrollo,Desarrollo mamario,opcion,10,Desarrollo acorde a la edad y el sexo,Forma normal para la edad y el estado reproductivo,
mamas_desarrollo,Desarrollo mamario,opcion,20,"Cónica, elástica y de límites precisos",Forma de la mujer que no ha tenido hijos; puede doler en el premenstrual,
mamas_desarrollo,Desarrollo mamario,opcion,30,Irregular y sin forma definida,Propia de la lactancia,
mamas_desarrollo,Desarrollo mamario,opcion,40,Voluminosa y péndula,Propia de la obesidad,
mamas_desarrollo,Desarrollo mamario,opcion,50,Pequeña y atrófica,"Delgadez, menopausia o desnutrición",
mamas_desarrollo,Desarrollo mamario,opcion,60,Ginecomastia,"Aumento de la glándula mamaria en el varón: cirrosis hepática, cáncer de próstata, estrogenoterapia, digitálicos, espironolactona, síndrome de Klinefelter",
mamas_desarrollo,Desarrollo mamario,opcion,70,Pseudohipertrofia grasa,Aumento de volumen a expensas de grasa; no confundir con la ginecomastia,
mamas_simetria,Simetría de las mamas,opcion,10,Simétricas,Ambas mamas de igual volumen y forma,
mamas_simetria,Simetría de las mamas,opcion,20,Asimétricas,Diferencia de volumen o de forma entre ambas mamas,
pezon_areola,Pezones y areolas,opcion,10,"Pezón prominente, areola sin alteraciones",Hallazgo normal: pezón único y prominente,
pezon_areola,Pezones y areolas,opcion,20,Pezón umbilicado congénito,Variante normal; no confundir con la retracción adquirida,
pezon_areola,Pezones y areolas,opcion,30,Retracción adquirida del pezón,Orienta a cáncer de mama,
pezon_areola,Pezones y areolas,opcion,40,Pezones supernumerarios,Pezones adicionales en la línea mamaria,
pezon_areola,Pezones y areolas,opcion,50,Areola secundaria o gravídica de Hunter,Aparece durante el embarazo,
pezon_areola,Pezones y areolas,opcion,60,Tubérculos de Montgomery,Aparecen durante el embarazo,
mamas_secrecion,Secreciones del pezón,opcion,10,Ausente,No se obtiene secreción a la expresión del pezón,
mamas_secrecion,Secreciones del pezón,opcion,20,Calostro o leche,Lactancia normal,
mamas_secrecion,Secreciones del pezón,opcion,30,Galactorrea,"Leche fuera de la lactancia: síndrome de Chiari-Frommel, tumor hipofisario, anovulatorios, citrato de clomifeno",
mamas_secrecion,Secreciones del pezón,opcion,40,Secreción purulenta,Absceso mamario,
mamas_secrecion,Secreciones del pezón,opcion,50,Secreción sanguinolenta,"Cáncer, papiloma o quiste",
mamas_pigmentacion,Pigmentación de la mama,opcion,10,Normal,Piel y areola sin cambios de color,
mamas_pigmentacion,Pigmentación de la mama,opcion,20,Areola hiperpigmentada,Color café oscuro propio del embarazo,
mamas_pigmentacion,Pigmentación de la mama,opcion,30,Piel en cáscara de naranja,Orienta a cáncer de mama,
mamas_pigmentacion,Pigmentación de la mama,opcion,40,Eritema local,Enrojecimiento de la piel de la mama,
mamas_inflamacion,Inflamación de la mama,opcion,10,Ausente,Sin signos inflamatorios,
mamas_inflamacion,Inflamación de la mama,opcion,20,Signos inflamatorios locales,"Dolor, calor, rubor y tumefacción; mastitis",
mamas_inflamacion,Inflamación de la mama,opcion,30,Absceso mamario,"Colección purulenta, con salida de pus por el pezón",
sensibilidad_palpacion,Sensibilidad a la palpación,opcion,10,Indolora,La palpación no despierta dolor,
sensibilidad_palpacion,Sensibilidad a la palpación,opcion,20,Dolorosa a la palpación,La palpación despierta dolor,
mamas_tumoracion,Tumoración mamaria,opcion,10,No se palpan tumoraciones,Una nodosidad que desaparece al pasar a decúbito dorsal es tejido glandular normal,
mamas_tumoracion,Tumoración mamaria,opcion,20,Cuadrante superior externo,Concentra el 63 % de los tumores de mama,
mamas_tumoracion,Tumoración mamaria,opcion,30,Cuadrante inferior externo,Concentra el 17 % de los tumores de mama,
mamas_tumoracion,Tumoración mamaria,opcion,40,Cuadrante superior interno,Concentra el 14 % de los tumores de mama,
mamas_tumoracion,Tumoración mamaria,opcion,50,Cuadrante inferior interno,Concentra el 6 % de los tumores de mama,
mamas_tumoracion,Tumoración mamaria,opcion,60,Única,Sugiere cáncer,
mamas_tumoracion,Tumoración mamaria,opcion,70,Múltiples,Sugiere fibroadenitis,
mamas_tumoracion,Tumoración mamaria,opcion,80,Dolorosa,Sugiere inflamación,
mamas_tumoracion,Tumoración mamaria,opcion,90,Indolora,Sugiere cáncer,
mamas_tumoracion,Tumoración mamaria,opcion,100,Móvil,Sugiere lesión benigna,
mamas_tumoracion,Tumoración mamaria,opcion,110,Fija,Sugiere lesión maligna,
mamas_tumoracion,Tumoración mamaria,opcion,120,Con adenopatías axilares o supraclaviculares,"Buscar del lado afectado y del contralateral, en busca de metástasis",
torax_forma,Forma del tórax,opcion,10,"Normal, sin forma patológica","Tórax de configuración habitual, sin ninguna de las formas patológicas descritas",
torax_forma,Forma del tórax,opcion,20,En tonel o enfisematoso,"Diámetro anteroposterior aumentado, espacios intercostales borrados, esternón proyectado hacia adelante; enfisema pulmonar, edad avanzada",
torax_forma,Forma del tórax,opcion,30,Paralítico,"Alargado y plano, con el diámetro anteroposterior menor que el transverso; malformación congénita",
torax_forma,Forma del tórax,opcion,40,Excavado o pectus excavatum,"Hundimiento del esternón desde el apéndice xifoides; congénito o adquirido, más frecuente en varones",
torax_forma,Forma del tórax,opcion,50,En quilla o pecho de paloma,"Prominencia de la parte media del esternón; raquitismo, síndrome de Marfan",
torax_forma,Forma del tórax,opcion,60,Rosario costal o raquítico,Prominencia de los cartílagos condrocostales; raquitismo,
torax_simetria,Simetría del tórax,opcion,10,Simétrico,Ambos hemitórax de igual volumen y movilidad,
torax_simetria,Simetría del tórax,opcion,20,Abombamiento del hemitórax derecho,"Aumento unilateral de los diámetros por líquido, aire o masa: derrame pleural voluminoso, neumotórax, tumor, quiste hidatídico",
torax_simetria,Simetría del tórax,opcion,30,Abombamiento del hemitórax izquierdo,"Aumento unilateral de los diámetros por líquido, aire o masa: derrame pleural voluminoso, neumotórax, tumor, aneurisma de aorta",
torax_simetria,Simetría del tórax,opcion,40,Retracción del hemitórax derecho,"Disminución unilateral de los diámetros; secuela de tuberculosis, fibrosis o atelectasia",
torax_simetria,Simetría del tórax,opcion,50,Retracción del hemitórax izquierdo,"Disminución unilateral de los diámetros; secuela de tuberculosis, fibrosis o atelectasia",
torax_tamano,Configuración torácica según el biotipo,opcion,10,"Normolíneo, proporcionado al biotipo","Tórax sin forma geométrica definida, proporcionado a la talla",
torax_tamano,Configuración torácica según el biotipo,opcion,20,Longilíneo,"Tórax alargado, costillas oblicuas y ángulo epigástrico agudo",
torax_tamano,Configuración torácica según el biotipo,opcion,30,Brevilíneo,"Tórax corto y lobulado, costillas horizontales y ángulo epigástrico obtuso",
torax_diametros,Diámetro anteroposterior y transverso,opcion,10,Diámetro anteroposterior menor que el transverso,Relación normal entre ambos diámetros,
torax_diametros,Diámetro anteroposterior y transverso,opcion,20,"Diámetro anteroposterior aumentado, cercano al transverso",Tórax en tonel del enfisema pulmonar y de la edad avanzada,
torax_diametros,Diámetro anteroposterior y transverso,opcion,30,"Diámetro anteroposterior reducido, tórax plano","Tórax paralítico, alargado y aplanado",
torax_costillas,Dirección de las costillas,opcion,10,"Oblicua, dirigida hacia abajo y hacia adelante",Disposición habitual; la oblicuidad es más marcada en el tórax longilíneo,
torax_costillas,Dirección de las costillas,opcion,20,Horizontalizada,"Propia del tórax brevilíneo y del tórax en tonel, con espacios intercostales borrados",
angulo_subcostal,Ángulo subcostal o epigástrico,opcion,10,"Recto, de aproximadamente 90 grados",Ángulo del tórax normolíneo,
angulo_subcostal,Ángulo subcostal o epigástrico,opcion,20,"Agudo, menor de 90 grados",Ángulo del tórax longilíneo,
angulo_subcostal,Ángulo subcostal o epigástrico,opcion,30,"Obtuso, mayor de 90 grados",Ángulo del tórax brevilíneo y del tórax en tonel,
torax_deformidades,Deformidades del tórax y de la pared,opcion,10,Ninguna,Columna y pared torácica sin alteraciones,
torax_deformidades,Deformidades del tórax y de la pared,opcion,20,Cifosis,"Exageración de la convexidad posterior, sobre todo entre la octava dorsal y la tercera lumbar; osteoporosis, espondilitis anquilosante, mal de Pott",
torax_deformidades,Deformidades del tórax y de la pared,opcion,30,Lordosis,"Convexidad anterior acentuada, sobre todo lumbar; obesidad importante, debilidad muscular, embarazo avanzado",
torax_deformidades,Deformidades del tórax y de la pared,opcion,40,Escoliosis,"Desviación lateral de la columna, casi siempre compensadora",
torax_deformidades,Deformidades del tórax y de la pared,opcion,50,Cifoescoliosis,Cifosis y escoliosis combinadas; restringe la ventilación y lleva a corazón pulmonar crónico,
torax_deformidades,Deformidades del tórax y de la pared,opcion,60,Cicatriz quirúrgica,"Secuela de pleurotomía, resección pulmonar o toracoplastia",Cicatriz quirúrgica en {localizacion}
torax_deformidades,Deformidades del tórax y de la pared,opcion,70,Fístula de la pared torácica,Casi siempre de origen óseo tuberculoso,Fístula de la pared torácica en {localizacion}
torax_deformidades,Deformidades del tórax y de la pared,opcion,80,Circulación venosa colateral,Por obstrucción de la vena cava superior,
torax_deformidades,Deformidades del tórax y de la pared,opcion,90,Edema en esclavina,Edema de cabeza y miembros superiores por obstrucción de la vena cava superior,
tipo_respiracion,Tipo de respiración,opcion,10,Normal,"Costoabdominal o diafragmática en el varón, costal superior en la mujer y abdominal en el niño, con movimientos simétricos",
tipo_respiracion,Tipo de respiración,opcion,20,De Kussmaul,"Inspiración amplia y rápida, apnea corta, espiración ruidosa y profunda; acidosis metabólica, cetoacidosis diabética, uremia",
tipo_respiracion,Tipo de respiración,opcion,30,De Cheyne-Stokes,"Ciclos de amplitud creciente y luego decreciente, seguidos de apnea de 10 a 60 segundos; insuficiencia cardíaca, hipertensión endocraneana, opiáceos",
tipo_respiracion,Tipo de respiración,opcion,40,De Biot,"Apnea franca alternada con movimientos inspiratorios y espiratorios anárquicos e irregulares; meningitis, hematoma extradural, coma",
tipo_respiracion,Tipo de respiración,opcion,50,Atáxica,"Respiraciones lentas e irregulares, de amplitud variable, que progresan rápidamente a la apnea completa; lesión bulbar, signo de extrema gravedad",
tipo_respiracion,Tipo de respiración,opcion,60,Apnéustica,Pausa forzada y prolongada tanto en la inspiración como en la espiración; lesión pontina dorsolateral,
tipo_respiracion,Tipo de respiración,opcion,70,Enfisematosa,Respiración de espiración prolongada sobre un tórax en tonel; enfisema pulmonar y obstrucción bronquial crónica,
tipo_respiracion,Tipo de respiración,opcion,80,Suspirosa,"Inspiración más profunda seguida de espiración demorada, que rompe la regularidad del ritmo; ansiedad, tensión emocional",
amplitud_resp,Amplitud respiratoria,opcion,10,Normal,Amplitud habitual en reposo,
amplitud_resp,Amplitud respiratoria,opcion,20,Superficial,"Amplitud disminuida; normal durante el sueño, patológica en la taquipnea y el dolor torácico",
amplitud_resp,Amplitud respiratoria,opcion,30,Profunda,Amplitud aumentada; normal con el esfuerzo físico y las emociones intensas,
ritmo_resp,Ritmo respiratorio,opcion,10,"Eupnea, ritmo regular de 16 a 20 respiraciones por minuto",Frecuencia y ritmo normales del adulto,
ritmo_resp,Ritmo respiratorio,opcion,20,Bradipnea,"Menos de 16 respiraciones por minuto; atletas y sueño, o intoxicación por barbitúricos u opiáceos, alcalosis metabólica, coma diabético",
ritmo_resp,Ritmo respiratorio,opcion,30,Taquipnea,"Más de 20 respiraciones por minuto, respiración superficial; fiebre, neumonía, enfermedad pulmonar obstructiva crónica, insuficiencia respiratoria, acidosis metabólica",
ritmo_resp,Ritmo respiratorio,opcion,40,Polipnea,Aumento de la frecuencia y también de la profundidad de la respiración,
ritmo_resp,Ritmo respiratorio,opcion,50,Batipnea,"Respiración de amplitud aumentada, profunda, con frecuencia conservada",
ritmo_resp,Ritmo respiratorio,opcion,60,Apnea,"Paro respiratorio momentáneo, de 15 a 20 segundos",
retracciones,Retracciones y tiraje,opcion,10,Ninguna,Sin retracción de los espacios ni de las fosas durante la inspiración,
retracciones,Retracciones y tiraje,opcion,20,Supraclavicular,Hundimiento inspiratorio de la fosa supraclavicular,
retracciones,Retracciones y tiraje,opcion,30,Supraesternal,Hundimiento inspiratorio de la horquilla esternal,
retracciones,Retracciones y tiraje,opcion,40,Intercostal,"Tiraje: retracción de los espacios intercostales durante la inspiración; más visible en delgados y niños, frecuente en el asma bronquial",
retracciones,Retracciones y tiraje,opcion,50,Subcostal,Hundimiento inspiratorio por debajo del reborde costal,
retracciones,Retracciones y tiraje,opcion,60,Uso de musculatura accesoria,Participación de escalenos y esternocleidomastoideos en la inspiración,
amplexacion,Amplexación o expansibilidad torácica,opcion,10,Conservada y simétrica,Los pulgares del examinador se separan por igual en ambos lados con la inspiración profunda,
amplexacion,Amplexación o expansibilidad torácica,opcion,20,Disminuida en un hemitórax,"Atelectasia, derrame pleural, neumonía, fibrosis pulmonar o fractura costal",Amplexación disminuida en {localizacion}
amplexacion,Amplexación o expansibilidad torácica,opcion,30,Disminuida bilateralmente,"Enfisema pulmonar, pleura dolorosa, tétanos, poliomielitis o miastenia gravis",
amplexacion,Amplexación o expansibilidad torácica,opcion,40,Aumentada de forma compensadora en el hemitórax sano,El pulmón sano se expande más para compensar la ventilación perdida del lado enfermo,
amplexacion,Amplexación o expansibilidad torácica,opcion,50,Disminuida solo en el vértice,Hallazgo de la maniobra de Rouault sobre los vértices pulmonares,Amplexación del vértice disminuida en {localizacion}
vibraciones_vocales,Vibraciones vocales o frémito toracovocal,opcion,10,Conservadas y simétricas,Cosquilleo palpable de igual intensidad en regiones simétricas al decir «treinta y tres»,
vibraciones_vocales,Vibraciones vocales o frémito toracovocal,opcion,20,Aumentadas de forma localizada,"Condensación del parénquima: neumonía, infarto pulmonar, caverna tuberculosa",Vibraciones vocales aumentadas en {localizacion}
vibraciones_vocales,Vibraciones vocales o frémito toracovocal,opcion,30,Disminuidas de forma localizada,"Neumotórax, derrame pleural, atelectasia o paquipleuritis",Vibraciones vocales disminuidas en {localizacion}
vibraciones_vocales,Vibraciones vocales o frémito toracovocal,opcion,40,Disminuidas de forma generalizada,"Enfisema, obesidad, edema de la pared torácica o engrosamiento pleural",
vibraciones_vocales,Vibraciones vocales o frémito toracovocal,opcion,50,Abolidas,No se palpan; derrame pleural voluminoso o neumotórax,Vibraciones vocales abolidas en {localizacion}
palpacion_torax,Hallazgos de la palpación torácica,opcion,10,Ninguno,"Pared torácica indolora, sin crepitación ni fluctuación",
palpacion_torax,Hallazgos de la palpación torácica,opcion,20,Dolor a la palpación de la parrilla costal,Hipersensibilidad localizada de la pared torácica,Dolor a la palpación en {localizacion}
palpacion_torax,Hallazgos de la palpación torácica,opcion,30,Enfisema subcutáneo,Sensación de crepitación bajo el pulpejo de los dedos por aire infiltrado en el tejido celular subcutáneo,Crepitación subcutánea en {localizacion}
palpacion_torax,Hallazgos de la palpación torácica,opcion,40,Fluctuación,Colección de pus en músculos intercostales y piel; empiema,Fluctuación en {localizacion}
palpacion_torax,Hallazgos de la palpación torácica,opcion,50,Frémito pleural,"Roce palpable con los movimientos respiratorios, contrapartida táctil del frote pleural",Frémito pleural en {localizacion}
palpacion_torax,Hallazgos de la palpación torácica,opcion,60,Frémito bronquial,"Vibración palpable por secreciones en los bronquios gruesos, que se modifica con la tos",Frémito bronquial en {localizacion}
palpacion_torax,Hallazgos de la palpación torácica,opcion,70,Edema de la pared torácica,Por obstrucción de la vena cava superior,
palpacion_torax,Hallazgos de la palpación torácica,opcion,80,"Adenopatías supraclaviculares, cervicales o axilares",Ganglios palpables que completan la palpación del tórax,Adenopatías en {localizacion}
palpacion_torax,Hallazgos de la palpación torácica,opcion,90,Asimetría de temperatura entre ambos hemitórax,Comparada con el dorso de la mano,
sonoridad_torax,Sonoridad a la percusión del tórax,opcion,10,Sonoridad pulmonar conservada en ambos campos,"Sonido claro pulmonar, con matidez hepática desde el quinto espacio intercostal derecho y timpanismo en el espacio de Traube",
sonoridad_torax,Sonoridad a la percusión del tórax,opcion,20,Hipersonoridad,"Sonido más intenso, más grave y más duradero que el claro normal, por aire alveolar atrapado; enfisema pulmonar, asma bronquial",Hipersonoridad en {localizacion}
sonoridad_torax,Sonoridad a la percusión del tórax,opcion,30,Timpanismo,"Sonido agudo y resonante como un tambor, por aire libre en la cavidad pleural; neumotórax",Timpanismo en {localizacion}
sonoridad_torax,Sonoridad a la percusión del tórax,opcion,40,Submatidez,"Disminución parcial del sonido claro, paso previo a la matidez",Submatidez en {localizacion}
sonoridad_torax,Sonoridad a la percusión del tórax,opcion,50,Matidez,"El aire alveolar es sustituido por líquido o los alvéolos están colapsados; condensación, atelectasia, derrame pleural",Matidez en {localizacion}
ruido_traqueal,Ruido traqueal,opcion,10,"Presente, de características normales sobre la tráquea",Ruido intenso y de tonalidad alta que se ausculta sobre la laringe y la tráquea,
ruido_traqueal,Ruido traqueal,opcion,20,Disminuido,Menor intensidad del ruido laringotraqueal,
ruido_traqueal,Ruido traqueal,opcion,30,Ausente,No se ausculta sobre la tráquea,
ruido_traqueobronquial,Ruido traqueobronquial,opcion,10,Presente solo en su localización habitual,"Respiración bronquial audible sobre la tráquea y los grandes bronquios, como corresponde",
ruido_traqueobronquial,Ruido traqueobronquial,opcion,20,Audible fuera de su zona habitual,Respiración bronquial donde se esperaría murmullo vesicular; hallazgo patológico que anuncia el soplo tubárico,Respiración bronquial audible en {localizacion}
soplos_pulmonares,Soplos pulmonares,opcion,10,Ausentes,No se auscultan soplos pulmonares,
soplos_pulmonares,Soplos pulmonares,opcion,20,Soplo tubárico o glótico patológico,"Como soplar a través de un tubo; condensación superficial y extensa con bronquio permeable, típico de la neumonía y siempre con estertores crepitantes",Soplo tubárico en {localizacion}
soplos_pulmonares,Soplos pulmonares,opcion,30,Soplo cavitario,"Más grave que el tubárico; cavidad sin líquido y de paredes gruesas comunicada con un bronquio: caverna tuberculosa, absceso pulmonar",Soplo cavitario en {localizacion}
soplos_pulmonares,Soplos pulmonares,opcion,40,Soplo anfórico,Como soplar dentro de una garrafa vacía; neumotórax con fístula broncopleural abierta,Soplo anfórico en {localizacion}
soplos_pulmonares,Soplos pulmonares,opcion,50,Soplo pleurítico,"Se asemeja a la pronunciación de la letra E; parte alta de un derrame pleural, mejor audible debajo de la axila durante la inspiración",Soplo pleurítico en {localizacion}
frote_pleural,Frote pleural,opcion,10,Ausente,Las dos hojas pleurales se deslizan sin ruido,
frote_pleural,Frote pleural,opcion,20,Presente,"Suena como frotar cuero nuevo o madera seca, en ambos tiempos respiratorios; no se modifica con la tos y se exacerba con la presión del estetoscopio. Más frecuente en las regiones axilares inferiores",Frote pleural en {localizacion}
broncofonia,Broncofonía,opcion,10,Ausente,"Resonancia vocal normal: la voz llega confusa y lejana, sin distinguir sílabas",
broncofonia,Broncofonía,opcion,20,Presente,Resonancia vocal aumentada: la palabra «treinta y tres» se percibe con nitidez; neumonía y otros síndromes de condensación,Broncofonía en {localizacion}
pectoriloquia,Pectoriloquia,opcion,10,Ausente,La voz no se articula con claridad sobre la pared torácica,
pectoriloquia,Pectoriloquia,opcion,20,Presente,"Voz articulada con claridad particular, en voz alta cuando la caverna es grande y superficial; signo de caverna",Pectoriloquia en {localizacion}
pectoriloquia_afona,Pectoriloquia áfona,opcion,10,Ausente,La voz cuchicheada no se transmite con nitidez,
pectoriloquia_afona,Pectoriloquia áfona,opcion,20,Presente,La voz cuchicheada se articula con claridad; condensación pulmonar o derrame pleural,Pectoriloquia áfona en {localizacion}
egofonia,Egofonía,opcion,10,Ausente,Sin voz de cabra a la auscultación,
egofonia,Egofonía,opcion,20,Presente,"Voz de cabra o voz telefónica: temblorosa, entrecortada y chillona, como si se hablara entre dientes; compresión pulmonar por derrame de mediano volumen",Egofonía en {localizacion}
ausc_tos,Auscultación de la tos,opcion,10,Sin tos durante el examen,No se provocó ni se auscultó tos,
ausc_tos,Auscultación de la tos,opcion,20,Tos seca o improductiva,"Sin expectoración; pleuritis, derrame pleural, tos por inhibidores de la enzima convertidora de angiotensina",
ausc_tos,Auscultación de la tos,opcion,30,Tos húmeda o productiva,"Con expectoración; neumonía, bronconeumonía, absceso, bronquiectasias",
ausc_tos,Auscultación de la tos,opcion,40,Tos quintosa,"Accesos explosivos de madrugada, con vómito y sensación de asfixia; coqueluche",
ausc_tos,Auscultación de la tos,opcion,50,Tos bitonal,Dos tonalidades por parálisis de una cuerda vocal; compromiso del nervio laríngeo recurrente,
ausc_tos,Auscultación de la tos,opcion,60,Tos ronca o perruna,"Semejante al ladrido de un perro; laringitis, tuberculosis laríngea, tumores laríngeos",
ausc_tos,Auscultación de la tos,opcion,70,Tos afónica,"Apagada y poco intensa porque las cuerdas vocales no vibran; lesión destructiva, casi siempre neoplásica",
ausc_tos,Auscultación de la tos,opcion,80,Tos emetizante,"Se acompaña de vómito por irritación conjunta del centro tusígeno y del centro del vómito; tuberculosis, coqueluche",
ausc_tos,Auscultación de la tos,opcion,90,Los ruidos agregados se modifican con la tos,"Propio de los roncantes y los subcrepitantes, que se movilizan con la secreción que los produce",Los ruidos agregados de {localizacion} se modifican con la tos
ausc_tos,Auscultación de la tos,opcion,100,Los ruidos agregados no se modifican con la tos,"Propio de los crepitantes finos, de las sibilancias y del frote pleural",Los ruidos agregados de {localizacion} no se modifican con la tos
percusion_auscultatoria,Percusión auscultatoria,opcion,10,Transmisión conservada y simétrica,El sonido percutido se transmite por igual en puntos simétricos de ambos hemitórax,
percusion_auscultatoria,Percusión auscultatoria,opcion,20,Transmisión disminuida,"Se atenúa sobre derrame pleural, condensación o atelectasia",Transmisión disminuida en {localizacion}
percusion_auscultatoria,Percusión auscultatoria,opcion,30,Transmisión aumentada,Se refuerza sobre una cavidad o sobre aire atrapado,Transmisión aumentada en {localizacion}
vasos_cuello,Vasos arteriales y venosos del cuello,opcion,10,Latidos carotídeos normales y simétricos,"Latido arterial de amplitud mediana, igual en ambos lados, sin ingurgitación yugular",
vasos_cuello,Vasos arteriales y venosos del cuello,opcion,20,Latido carotídeo amplio y visible (danza arterial),"Latidos arteriales amplios y visibles en el cuello; insuficiencia aórtica, ductus, fístula arteriovenosa y estados hiperdinámicos",
vasos_cuello,Vasos arteriales y venosos del cuello,opcion,30,Latido carotídeo disminuido o ausente,Asimetría del latido; ateroesclerosis u obstrucción del tronco braquiocefálico o de la carótida,Latido carotídeo disminuido o ausente en el lado {lado}
vasos_cuello,Vasos arteriales y venosos del cuello,opcion,40,Signo de Musset,"Movimiento rítmico de la cabeza en vaivén, sincrónico con cada latido; insuficiencia aórtica y ductus",
vasos_cuello,Vasos arteriales y venosos del cuello,opcion,50,Circulación venosa colateral en el cuello,Venas dilatadas por obstrucción de la vena cava superior o síndrome mediastínico,
ingurgitacion_yugular,Ingurgitación yugular,opcion,10,Ausente: yugulares no ingurgitadas con el tronco a 30 o 45 grados,"Se explora en la yugular derecha, con el tronco entre 30 y 45 grados, la cabeza algo rotada a la izquierda y luz tangencial",
ingurgitacion_yugular,Ingurgitación yugular,opcion,20,Presente: turgencia visible con el tronco a 30 o 45 grados,"Traduce presión elevada en la aurícula derecha: insuficiencia cardíaca derecha o congestiva, hipervolemia, obstrucción de la vena cava superior, pericarditis constrictiva, taponamiento cardíaco",
ingurgitacion_yugular,Ingurgitación yugular,opcion,30,"Presente, con signo de Kussmaul",La ingurgitación aumenta durante la inspiración en vez de disminuir; característico de la pericarditis constrictiva,
fremito_cuello,Frémitos del cuello,opcion,10,Ausentes,No se palpan vibraciones en los vasos del cuello,
fremito_cuello,Frémitos del cuello,opcion,20,Presente en el trayecto carotídeo derecho,"Vibración de lomo de gato, casi siempre irradiada desde el tórax o por estrechez local; obliga a auscultar el cuello",
fremito_cuello,Frémitos del cuello,opcion,30,Presente en el trayecto carotídeo izquierdo,"Vibración de lomo de gato, casi siempre irradiada desde el tórax o por estrechez local; obliga a auscultar el cuello",
fremito_cuello,Frémitos del cuello,opcion,40,Presente sobre la glándula tiroides,"Frémito del bocio hiperfuncionante, acompañado de soplo sistólico o continuo",
soplo_cuello,Soplos del cuello,opcion,10,Ausentes,No se auscultan soplos en los vasos del cuello,
soplo_cuello,Soplos del cuello,opcion,20,Soplo sistólico en el trayecto carotídeo derecho,Ateroesclerosis o dilatación aneurismática del vaso,
soplo_cuello,Soplos del cuello,opcion,30,Soplo sistólico en el trayecto carotídeo izquierdo,Ateroesclerosis o dilatación aneurismática del vaso,
soplo_cuello,Soplos del cuello,opcion,40,Soplo irradiado desde el foco aórtico hacia los vasos del cuello,El soplo sistólico de la estenosis aórtica se propaga hacia los vasos de la base del cuello,
soplo_cuello,Soplos del cuello,opcion,50,Soplo sobre la glándula tiroides,Soplo sistólico o continuo del bocio tóxico hiperfuncionante,
choque_punta,Choque de punta o ictus cordis,opcion,10,"Palpable en el quinto espacio intercostal izquierdo, línea medioclavicular","Situación normal en el normolíneo, a 6 a 10 centímetros de la línea medioclavicular, cubierto por un solo pulpejo digital",
choque_punta,Choque de punta o ictus cordis,opcion,20,Palpable en el cuarto espacio intercostal izquierdo,"Situación habitual del brevilíneo, a más de 8 centímetros de la línea medioesternal",
choque_punta,Choque de punta o ictus cordis,opcion,30,Palpable en el sexto espacio intercostal izquierdo,"Situación habitual del longilíneo, a menos de 8 centímetros de la línea medioesternal",
choque_punta,Choque de punta o ictus cordis,opcion,40,Desplazado hacia abajo y hacia afuera,Hacia el sexto o séptimo espacio intercostal izquierdo y la línea axilar; hipertrofia ventricular izquierda,
choque_punta,Choque de punta o ictus cordis,opcion,50,Desplazado hacia el lado opuesto a la lesión,Derrame pleural o neumotórax voluminoso que empuja el mediastino,
choque_punta,Choque de punta o ictus cordis,opcion,60,"Propulsivo, ocupa dos o tres pulpejos",Levanta el pulpejo del examinador; grandes hipertrofias o dilataciones ventriculares,
choque_punta,Choque de punta o ictus cordis,opcion,70,No visible ni palpable,"Obesidad, mama voluminosa, tórax enfisematoso o musculado, derrame pericárdico; no siempre implica enfermedad",
choque_punta,Choque de punta o ictus cordis,opcion,80,Inmóvil con los cambios de decúbito,Normalmente se desplaza unos 2 centímetros hacia cada lado; la inmovilidad orienta a pericarditis constrictiva,
precordio_deformaciones,Deformaciones de la región precordial,opcion,10,Ninguna,Región precordial sin abombamientos ni circulación colateral,
precordio_deformaciones,Deformaciones de la región precordial,opcion,20,Abombamiento precordial localizado,"Cardiopatía congénita en el niño; hipertrofia ventricular izquierda, derrame pericárdico abundante o aneurisma de aorta en el adulto",
precordio_deformaciones,Deformaciones de la región precordial,opcion,30,"Tórax abombado, con diámetro anteroposterior mayor que el transversal",Enfisema pulmonar que puede evolucionar a corazón pulmonar crónico,
precordio_deformaciones,Deformaciones de la región precordial,opcion,40,Cifoescoliosis,Restricción ventilatoria que favorece la descompensación cardíaca derecha,
precordio_deformaciones,Deformaciones de la región precordial,opcion,50,Tórax musculoso con miembros inferiores poco desarrollados,Orienta a coartación de aorta,
precordio_deformaciones,Deformaciones de la región precordial,opcion,60,Circulación venosa colateral en la pared torácica,Obstrucción de la vena cava superior o síndrome mediastínico,
precordio_deformaciones,Deformaciones de la región precordial,opcion,70,Pulsación de los vasos intercostales,Circulación colateral por las arterias intercostales en la coartación de aorta,
vibraciones_valvulares,Vibraciones valvulares palpables,opcion,10,No palpables,No se palpan los ruidos cardíacos sobre el precordio,
vibraciones_valvulares,Vibraciones valvulares palpables,opcion,20,Primer ruido palpable en el foco mitral,Cierre mitral enérgico y palpable; estenosis mitral con válvula calcificada,
vibraciones_valvulares,Vibraciones valvulares palpables,opcion,30,Segundo ruido palpable en el foco pulmonar,Cierre pulmonar reforzado y palpable; hipertensión arterial pulmonar,
vibraciones_valvulares,Vibraciones valvulares palpables,opcion,40,Chasquido metálico de prótesis valvular,"Ruido del cierre de una válvula mecánica, más fuerte y fácil de identificar que el de una biológica",
fremito_precordial,Frémito cardiovascular o thrill,opcion,10,Ausentes,No se palpan vibraciones en el área precordial,
fremito_precordial,Frémito cardiovascular o thrill,opcion,20,Frémito sistólico en el foco mitral,Expresión palpatoria del soplo; acompaña a los soplos de grado IV a VI de Levine,
fremito_precordial,Frémito cardiovascular o thrill,opcion,30,Frémito sistólico en el foco aórtico,Expresión palpatoria del soplo de la estenosis aórtica,
fremito_precordial,Frémito cardiovascular o thrill,opcion,40,Frémito sistólico en el foco pulmonar,Expresión palpatoria del soplo de la estenosis pulmonar,
fremito_precordial,Frémito cardiovascular o thrill,opcion,50,Frémito sistólico en el foco tricuspídeo,Expresión palpatoria del soplo de la insuficiencia tricuspídea o de la comunicación interventricular,
fremito_precordial,Frémito cardiovascular o thrill,opcion,60,Frémito diastólico en el foco mitral,Expresión palpatoria del soplo de llenado de la estenosis mitral,
fremito_precordial,Frémito cardiovascular o thrill,opcion,70,Frémito continuo,Sistodiastólico; persistencia del conducto arterioso y fístulas arteriovenosas,
intensidad_ruidos,Intensidad de los ruidos cardíacos,opcion,10,Primer y segundo ruidos de intensidad normal,"Ruidos normofonéticos, el primero mejor audible en el foco mitral y el segundo en los focos de la base",
intensidad_ruidos,Intensidad de los ruidos cardíacos,opcion,20,Primer ruido reforzado,"Pared torácica delgada, eretismo cardíaco, hipertiroidismo, extrasístoles, esclerosis valvular; el primer ruido brillante es propio de la estenosis mitral calcificada",
intensidad_ruidos,Intensidad de los ruidos cardíacos,opcion,30,Primer ruido debilitado,"Enfisema pulmonar, obesidad, mama voluminosa, caída de la presión arterial, insuficiencia mitral, bloqueo auriculoventricular, derrame pericárdico",
intensidad_ruidos,Intensidad de los ruidos cardíacos,opcion,40,Primer ruido retardado,Estenosis mitral,
intensidad_ruidos,Intensidad de los ruidos cardíacos,opcion,50,Segundo ruido reforzado en el foco aórtico,"Hipertensión arterial sistémica, esclerosis aórtica",
intensidad_ruidos,Intensidad de los ruidos cardíacos,opcion,60,Segundo ruido reforzado en el foco pulmonar,"Hipertensión arterial pulmonar, corazón pulmonar agudo",
intensidad_ruidos,Intensidad de los ruidos cardíacos,opcion,70,Segundo ruido debilitado,"Insuficiencia cardíaca, estado de choque, insuficiencia aórtica",
intensidad_ruidos,Intensidad de los ruidos cardíacos,opcion,80,Ruidos cardíacos apagados o velados,Derrame pericárdico que separa las hojas del pericardio,
frote_pericardico,Frote pericárdico,opcion,10,Ausente,No se ausculta roce entre las hojas del pericardio,
frote_pericardico,Frote pericárdico,opcion,20,Presente,"Roce de dos pedazos de cuero nuevo por fricción de las hojas pericárdicas despulidas; fiebre reumática, neumonía, tuberculosis, uremia. Desaparece cuando se instala el derrame",
chasquidos,Chasquidos y clics,opcion,10,Ausentes,No se auscultan chasquidos ni clics,
chasquidos,Chasquidos y clics,opcion,20,Clic de eyección,Chasquido protosistólico; el texto lo menciona entre los signos de la comunicación interventricular,
chasquidos,Chasquidos y clics,opcion,30,Chasquido de apertura mitral,Chasquido protodiastólico clásico de la estenosis mitral,
chasquidos,Chasquidos y clics,opcion,40,Chasquido metálico de prótesis valvular,Ruido característico del cierre de una válvula mecánica,
soplos_cardiacos,Soplos cardíacos,opcion,10,No se auscultan soplos,La sangre circula silenciosamente a través de las válvulas,
soplos_cardiacos,Soplos cardíacos,opcion,20,"Soplo holosistólico en el foco mitral, irradiado a la axila y al dorso",Soplo sistólico de regurgitación; insuficiencia mitral,
soplos_cardiacos,Soplos cardíacos,opcion,30,"Soplo mesosistólico de eyección en el foco aórtico, irradiado a los vasos del cuello",Soplo rudo de eyección; estenosis aórtica,
soplos_cardiacos,Soplos cardíacos,opcion,40,Soplo mesosistólico de eyección en el foco pulmonar,Soplo de eyección a través de la sigmoidea pulmonar estenosada; estenosis pulmonar,
soplos_cardiacos,Soplos cardíacos,opcion,50,Soplo holosistólico en el foco tricuspídeo,Soplo sistólico de regurgitación; insuficiencia tricuspídea,
soplos_cardiacos,Soplos cardíacos,opcion,60,"Soplo holosistólico en el apéndice xifoides, irradiado en faja",Soplo de regurgitación de la comunicación interventricular,
soplos_cardiacos,Soplos cardíacos,opcion,70,"Soplo protodiastólico aspirativo en el foco aórtico, irradiado hacia el ápex","Soplo diastólico de regurgitación, de tonalidad aguda; insuficiencia aórtica",
soplos_cardiacos,Soplos cardíacos,opcion,80,Soplo mesodiastólico en ruflar en el foco mitral,"Soplo de llenado ventricular, de baja frecuencia y tonalidad grave; estenosis mitral",
soplos_cardiacos,Soplos cardíacos,opcion,90,Soplo continuo en maquinaria,Cubre la sístole y la diástole sin interrupción; persistencia del conducto arterioso,
soplos_cardiacos,Soplos cardíacos,opcion,100,"Soplo sistólico funcional, sin frémito","Sin lesión estructural: aumento de la velocidad de la corriente (ejercicio, fiebre, hipertiroidismo) o disminución de la viscosidad (anemia)",
desdoblamientos,Desdoblamientos de los ruidos cardíacos,opcion,10,Ausentes,Primer y segundo ruidos únicos,
desdoblamientos,Desdoblamientos de los ruidos cardíacos,opcion,20,Desdoblamiento fisiológico del segundo ruido con la inspiración,El componente aórtico y el pulmonar se separan en la inspiración profunda,
desdoblamientos,Desdoblamientos de los ruidos cardíacos,opcion,30,Desdoblamiento del primer ruido,"Asincronismo entre las válvulas auriculoventriculares y las sigmoideas; bloqueo de rama, hipertensión arterial",
desdoblamientos,Desdoblamientos de los ruidos cardíacos,opcion,40,Desdoblamiento del segundo ruido,"Bloqueo auriculoventricular, respiración forzada",
desdoblamientos,Desdoblamientos de los ruidos cardíacos,opcion,50,Duplicación del segundo ruido,Estenosis mitral,
latidos_epigastricos,Latidos de la región epigástrica,opcion,10,Sin latidos visibles ni palpables en el epigastrio,Región epigástrica sin pulsaciones anormales,
latidos_epigastricos,Latidos de la región epigástrica,opcion,20,Latido aórtico,"Pulsación de la aorta abdominal en el epigastrio, visible en personas delgadas; si es expansiva obliga a descartar aneurisma de aorta",
latidos_epigastricos,Latidos de la región epigástrica,opcion,30,Latido ventricular derecho,Latido epigástrico acompañado de latido sistólico en el cuarto espacio intercostal izquierdo junto al borde esternal; hipertrofia ventricular derecha,
latidos_epigastricos,Latidos de la región epigástrica,opcion,40,Latido hepático,Hígado pulsátil sincrónico con el latido cardíaco; insuficiencia tricuspídea,
reflujo_hepatoyugular,Reflujo hepatoyugular,opcion,10,Negativo,La ingurgitación yugular no aumenta al comprimir el hipocondrio derecho durante 30 a 60 segundos,
reflujo_hepatoyugular,Reflujo hepatoyugular,opcion,20,Positivo,La ingurgitación yugular se incrementa con la compresión sostenida del hígado; señala insuficiencia cardíaca derecha,
arterias_perifericas,Arterias periféricas,opcion,10,Ninguna: todos los pulsos presentes y simétricos,Pulsos de amplitud mediana e iguales en ambos lados,
arterias_perifericas,Arterias periféricas,opcion,20,Arteria temporal derecha,Pulso disminuido o ausente; comparar siempre con el contralateral para localizar el nivel de la obstrucción,
arterias_perifericas,Arterias periféricas,opcion,30,Arteria temporal izquierda,Pulso disminuido o ausente; comparar siempre con el contralateral para localizar el nivel de la obstrucción,
arterias_perifericas,Arterias periféricas,opcion,40,Arteria carótida derecha,Pulso disminuido o ausente; comparar siempre con el contralateral para localizar el nivel de la obstrucción,
arterias_perifericas,Arterias periféricas,opcion,50,Arteria carótida izquierda,Pulso disminuido o ausente; comparar siempre con el contralateral para localizar el nivel de la obstrucción,
arterias_perifericas,Arterias periféricas,opcion,60,Arteria humeral derecha,Pulso disminuido o ausente; comparar siempre con el contralateral para localizar el nivel de la obstrucción,
arterias_perifericas,Arterias periféricas,opcion,70,Arteria humeral izquierda,Pulso disminuido o ausente; comparar siempre con el contralateral para localizar el nivel de la obstrucción,
arterias_perifericas,Arterias periféricas,opcion,80,Arteria radial derecha,Pulso disminuido o ausente; comparar siempre con el contralateral para localizar el nivel de la obstrucción,
arterias_perifericas,Arterias periféricas,opcion,90,Arteria radial izquierda,Pulso disminuido o ausente; comparar siempre con el contralateral para localizar el nivel de la obstrucción,
arterias_perifericas,Arterias periféricas,opcion,100,Arteria femoral derecha,Pulso disminuido o ausente; comparar siempre con el contralateral para localizar el nivel de la obstrucción,
arterias_perifericas,Arterias periféricas,opcion,110,Arteria femoral izquierda,Pulso disminuido o ausente; comparar siempre con el contralateral para localizar el nivel de la obstrucción,
arterias_perifericas,Arterias periféricas,opcion,120,Arteria poplítea derecha,Pulso disminuido o ausente; comparar siempre con el contralateral para localizar el nivel de la obstrucción,
arterias_perifericas,Arterias periféricas,opcion,130,Arteria poplítea izquierda,Pulso disminuido o ausente; comparar siempre con el contralateral para localizar el nivel de la obstrucción,
arterias_perifericas,Arterias periféricas,opcion,140,Arteria tibial posterior derecha,Pulso disminuido o ausente; comparar siempre con el contralateral para localizar el nivel de la obstrucción,
arterias_perifericas,Arterias periféricas,opcion,150,Arteria tibial posterior izquierda,Pulso disminuido o ausente; comparar siempre con el contralateral para localizar el nivel de la obstrucción,
arterias_perifericas,Arterias periféricas,opcion,160,Arteria pedia derecha,Pulso disminuido o ausente; comparar siempre con el contralateral para localizar el nivel de la obstrucción,
arterias_perifericas,Arterias periféricas,opcion,170,Arteria pedia izquierda,Pulso disminuido o ausente; comparar siempre con el contralateral para localizar el nivel de la obstrucción,
sistema_venoso,Hallazgos del sistema venoso,opcion,10,Sin alteraciones del sistema venoso,"Sin várices, flebitis, úlceras ni cambios tróficos",
sistema_venoso,Hallazgos del sistema venoso,opcion,20,Várices,"Dilataciones venosas permanentes, con alteración de la pared y de las válvulas; primarias o secundarias a trombosis venosa profunda o fístula arteriovenosa",Várices en {localizacion}
sistema_venoso,Hallazgos del sistema venoso,opcion,30,Dilatación venosa superficial,Venas superficiales dilatadas sin las alteraciones valvulares de la várice establecida,Dilatación venosa superficial en {localizacion}
sistema_venoso,Hallazgos del sistema venoso,opcion,40,Flebitis o tromboflebitis,Aumento de volumen de la extremidad con el trayecto venoso inflamado y doloroso; frecuente con el reposo prolongado,Flebitis en {localizacion}
sistema_venoso,Hallazgos del sistema venoso,opcion,50,Úlcera varicosa,"Pérdida de sustancia cutánea sobre el territorio varicoso, complicación de la insuficiencia venosa avanzada",Úlcera varicosa en {localizacion}
sistema_venoso,Hallazgos del sistema venoso,opcion,60,Cambios tróficos,"Hiperpigmentación cutánea, eczema y dermatofibrosis de las fases avanzadas",Cambios tróficos en {localizacion}
sistema_venoso,Hallazgos del sistema venoso,opcion,70,Signo de Homans positivo,Dolor en la pantorrilla a la flexión forzada del pie; sugiere tromboflebitis. Es el signo que el documento llama «de Hoffman»,Signo de Homans positivo en el miembro inferior {lado_f}
sistema_venoso,Hallazgos del sistema venoso,opcion,80,Signo de Olow positivo,Dolor en la pantorrilla a la presión directa con los dedos; sugiere tromboflebitis,Signo de Olow positivo en el miembro inferior {lado_f}
sistema_venoso,Hallazgos del sistema venoso,opcion,90,Prueba de Trendelenburg positiva,Las várices se llenan rápida y completamente al retirar el dedo que comprime la safena interna; válvulas insuficientes,
sistema_venoso,Hallazgos del sistema venoso,opcion,100,Edema del miembro inferior,"Signo más característico de la trombosis venosa profunda, por debajo del nivel del trombo",Edema del miembro inferior {lado_f}
abd_forma,Forma del abdomen,opcion,10,Plano,Forma habitual del abdomen del adulto joven,
abd_forma,Forma del abdomen,opcion,20,Levemente convexo,Forma normal; convexo en el niño y globuloso en el anciano,
abd_forma,Forma del abdomen,opcion,30,Globuloso,"Obesidad, ascitis, neoplasias, embarazo u obstrucción intestinal",
abd_forma,Forma del abdomen,opcion,40,Excavado o retraído,Enfermedades consuntivas,
abd_forma,Forma del abdomen,opcion,50,De batracio,Flancos abombados; propio de la ascitis,
abd_forma,Forma del abdomen,opcion,60,En delantal,Propio del gran obeso,
abd_volumen,Volumen del abdomen,opcion,10,Conservado,Sin aumento ni disminución del volumen global,
abd_volumen,Volumen del abdomen,opcion,20,Aumentado,"Obesidad, ascitis, meteorismo, embarazo, visceromegalias o tumor",
abd_volumen,Volumen del abdomen,opcion,30,Disminuido,Desnutrición y enfermedades consuntivas,
abd_simetria,Simetría del abdomen,opcion,10,Simétrico,El abdomen normal es levemente convexo y simétrico,
abd_simetria,Simetría del abdomen,opcion,20,Asimétrico por abultamiento localizado,"Visceromegalias, quiste, tumor o hernia",
abd_movilidad,Movilidad del abdomen con la respiración,opcion,10,Conservada con la respiración,La pared acompaña los movimientos respiratorios,
abd_movilidad,Movilidad del abdomen con la respiración,opcion,20,Disminuida,La pared acompaña poco la respiración,
abd_movilidad,Movilidad del abdomen con la respiración,opcion,30,"Abolida, abdomen inmóvil",El abdomen deja de moverse porque respirar exacerba el dolor; propio del abdomen agudo,
abd_cicatriz,Cicatrices y estrías del abdomen,opcion,10,Ausentes,Piel del abdomen sin cicatrices ni estrías,
abd_cicatriz,Cicatrices y estrías del abdomen,opcion,20,Cicatriz quirúrgica,"Se describe su ubicación, dirección y extensión",
abd_cicatriz,Cicatrices y estrías del abdomen,opcion,30,"Estrías recientes, rosadas",Estrías de aparición reciente,
abd_cicatriz,Cicatrices y estrías del abdomen,opcion,40,"Estrías antiguas, nacaradas","Crónicas, por distensión mantenida de la pared",
abd_cicatriz,Cicatrices y estrías del abdomen,opcion,50,Estrías rojo violáceas,Persistentes; propias del síndrome de Cushing,
circulacion_colateral,Circulación colateral,opcion,10,Ausente,"La red venosa simple de la piel blanca y delgada, del niño o del anciano, no tiene significado patológico",
circulacion_colateral,Circulación colateral,opcion,20,De tipo porta,"Periumbilical, con flujo de abajo hacia arriba; cirrosis, trombosis portal o síndrome de Budd-Chiari",
circulacion_colateral,Circulación colateral,opcion,30,De tipo cava superior,"Tórax anterior superior, brazos y cuello, con flujo del tórax hacia el abdomen; tumor mediastínico",
circulacion_colateral,Circulación colateral,opcion,40,De tipo cava inferior,"Abdomen inferior, región umbilical y flancos, con flujo de abajo hacia arriba; compresión por tumor abdominal",
presencia,Presente o ausente,opcion,10,Ausente,No se encuentra el hallazgo,
presencia,Presente o ausente,opcion,20,Presente,Se encuentra el hallazgo,
peristaltismo_visible,Peristaltismo visible,opcion,10,Ausente,No se observan contracciones a través de la pared,
peristaltismo_visible,Peristaltismo visible,opcion,20,"Presente en el epigastrio, de arriba abajo o de izquierda a derecha",Obstrucción pilórica: tumor o retracción cicatrizal de una úlcera péptica,
peristaltismo_visible,Peristaltismo visible,opcion,30,Presente en la región umbilical,Obstrucción del intestino delgado,
peristaltismo_visible,Peristaltismo visible,opcion,40,Presente en el colon transverso,Obstrucción del intestino grueso,
region_umbilical,Región umbilical,opcion,10,"Ombligo centrado, sin protrusión",Cicatriz umbilical normal,
region_umbilical,Región umbilical,opcion,20,Ombligo protruido,Ascitis,
region_umbilical,Región umbilical,opcion,30,Ombligo desplazado,Tumores intraabdominales,
region_umbilical,Región umbilical,opcion,40,Hernia umbilical,Se hace más evidente si el paciente puja o tose,
region_umbilical,Región umbilical,opcion,50,Ombligo de coloración azulada,Sugiere hemorragia intraabdominal,
region_umbilical,Región umbilical,opcion,60,"Equimosis periumbilical, signo de Cullen","Hemorragia intraabdominal o retroperitoneal: pancreatitis hemorrágica, embarazo ectópico roto",
region_umbilical,Región umbilical,opcion,70,"Ombligo desviado hacia la derecha, signo de Chutro",Apendicitis aguda,
abd_retraccion,Retracciones de la pared abdominal,opcion,10,Ausentes,Pared sin hundimientos,
abd_retraccion,Retracciones de la pared abdominal,opcion,20,"Retracción generalizada, abdomen excavado",Enfermedades consuntivas,
abd_desplazamiento,Desplazamientos y abultamientos de la pared,opcion,10,Ausentes,Sin abultamientos ni desplazamientos visibles,
abd_desplazamiento,Desplazamientos y abultamientos de la pared,opcion,20,Abultamiento que aumenta al toser o pujar,Hernia o eventración; conviene examinar también de pie,
abd_desplazamiento,Desplazamientos y abultamientos de la pared,opcion,30,Desplazamiento de la cicatriz umbilical por tumor,Masa intraabdominal que desvía el ombligo,
abd_desplazamiento,Desplazamientos y abultamientos de la pared,opcion,40,Pulsaciones visibles en el epigastrio,Aorta en el paciente delgado; hipertrofia del ventrículo derecho o aneurisma,
rha,Ruidos hidroaéreos,opcion,10,"Presentes, de 4 a 5 por minuto",Frecuencia e intensidad normales,
rha,Ruidos hidroaéreos,opcion,20,Aumentados,Aumento de la actividad peristáltica,
rha,Ruidos hidroaéreos,opcion,30,Aumentados y de tono metálico,"Peristaltismo de lucha; obstrucción mecánica, sobre todo con dolor cólico",
rha,Ruidos hidroaéreos,opcion,40,Disminuidos,Actividad peristáltica reducida,
rha,Ruidos hidroaéreos,opcion,50,"Abolidos, silencio abdominal",Íleo paralítico y peritonitis generalizada,
soplo_abd,Soplos abdominales,opcion,10,Ausentes,No se auscultan soplos,
soplo_abd,Soplos abdominales,opcion,20,Soplo sistólico periumbilical,Aneurisma de la aorta abdominal,
soplo_abd,Soplos abdominales,opcion,30,Soplo sistólico en flanco o región lumbar,"Estenosis de la arteria renal, con frecuencia asociada a hipertensión arterial severa",
signo_pos_neg,Signo positivo o negativo,opcion,10,Negativo,Se buscó el signo y no apareció,
signo_pos_neg,Signo positivo o negativo,opcion,20,Positivo,El signo apareció,
signo_pos_neg,Signo positivo o negativo,opcion,30,No evaluado,No se buscó el signo,
abd_palp_superficial,Palpación superficial del abdomen,opcion,10,"Blando, depresible y no doloroso",Pared de tono y tensión normales,
abd_palp_superficial,Palpación superficial del abdomen,opcion,20,Doloroso a la palpación superficial,Se deja para el final la zona donde el paciente refiere dolor,
abd_palp_superficial,Palpación superficial del abdomen,opcion,30,Hiperestesia cutánea,Se explora rozando la piel con un objeto puntiagudo,
abd_palp_superficial,Palpación superficial del abdomen,opcion,40,Defensa abdominal localizada,Contractura sostenida por inflamación visceral con compromiso del peritoneo parietal,
abd_palp_superficial,Palpación superficial del abdomen,opcion,50,"Defensa abdominal generalizada, abdomen en tabla",Perforación de víscera hueca,
abd_palp_superficial,Palpación superficial del abdomen,opcion,60,Contractura psicomotora,Por temor en el paciente ansioso; cede al tranquilizarlo y distraerlo,
abd_palp_superficial,Palpación superficial del abdomen,opcion,70,Pared engrosada,Obesidad y edema,
abd_palp_superficial,Palpación superficial del abdomen,opcion,80,Pared adelgazada,Desnutrición y deshidratación,
abd_palp_superficial,Palpación superficial del abdomen,opcion,90,Diástasis de los rectos,Zona de menor resistencia sin saco herniario,
abd_palp_superficial,Palpación superficial del abdomen,opcion,100,Hernia de la pared abdominal,"Saco herniario, más evidente si el paciente puja o tose",
abd_palp_superficial,Palpación superficial del abdomen,opcion,110,Reflejos cutáneos abdominales abolidos,Se comparan en ambos lados; se abolen en enfermedades neurológicas,
tacto_vaginal,Realización del tacto vaginal,opcion,10,No realizado por no ser pertinente al cuadro actual,Examen genital diferido,
tacto_vaginal,Realización del tacto vaginal,opcion,20,Realizado,Se explicó antes la naturaleza del examen para obtener la colaboración de la paciente,
tacto_vaginal,Realización del tacto vaginal,opcion,30,No realizado en paciente virgen,En la mujer virgen no se usa el tacto vaginal como única vía para explorar útero y anexos,
tacto_vaginal,Realización del tacto vaginal,opcion,40,No realizado por negativa de la paciente,La paciente no acepta el examen,
vulva,Vulva,opcion,10,Sin lesiones,Genitales externos sin alteraciones a la inspección,
vulva,Vulva,opcion,20,Edema de genitales externos,"Compresión de la vena cava inferior y las venas ilíacas por una masa pélvica, o anasarca del síndrome nefrótico",
vulva,Vulva,opcion,30,Condilomas,Lesiones sobreelevadas de la región genital y perianal,
flujo_vaginal,Flujo vaginal,opcion,10,Sin flujo,No se observa secreción,
flujo_vaginal,Flujo vaginal,opcion,20,Leucorrea,Flujo de infección ginecológica; factor que favorece la infección del tracto urinario,
flujo_vaginal,Flujo vaginal,opcion,30,Sangrado vaginal escaso,Puede ser el único antecedente del embarazo ectópico,
sensib_tacto_vaginal,Sensibilidad al tacto vaginal,opcion,10,Indolora,"Estructuras lisas, depresibles, ligeramente móviles e indoloras",
sensib_tacto_vaginal,Sensibilidad al tacto vaginal,opcion,20,Peritoneo pélvico doloroso,Irritación peritoneal pélvica,
sensib_tacto_vaginal,Sensibilidad al tacto vaginal,opcion,30,Tumefacción dolorosa en uno de los lados,Embarazo ectópico roto,
sensib_tacto_vaginal,Sensibilidad al tacto vaginal,opcion,40,Dolor anterior al tacto,Apendicitis de localización pélvica,
fondo_saco,Fondo de saco vaginal,opcion,10,"No abombado, indoloro y depresible",Fondo de saco de Douglas normal,
fondo_saco,Fondo de saco vaginal,opcion,20,"Abombado, doloroso y depresible",Sangre libre en la cavidad: embarazo ectópico roto,
fondo_saco,Fondo de saco vaginal,opcion,30,"Abombado y doloroso, con sangre en el guante",Hemoperitoneo,
cuello_uterino,Cuello uterino,opcion,10,Sin alteraciones a la palpación,Se identifica en la pared anterior junto con el fondo de saco de Douglas,
cuello_uterino,Cuello uterino,opcion,20,Doloroso,Dolor a la palpación o a la movilización del cuello,
conducta,Conducta,opcion,10,Colaboradora y tranquila,Responde de manera acorde a lo preguntado y sostiene el hilo de la conversación,
conducta,Conducta,opcion,20,"Agitada, con pobre atención y concentración",Delirio o estado confusional agudo: se instala en corto tiempo y fluctúa a lo largo del día,
conducta,Conducta,opcion,30,Irritable,Hiperexcitabilidad que alterna con somnolencia,
conducta,Conducta,opcion,40,Abúlica,"Falta de voluntad: no inicia conversación espontánea, aunque con estímulo suficiente la cognición es normal",
conducta,Conducta,opcion,50,Mutismo acinético,"En silencio, alerta pero inmóvil, con ciclos de sueño y vigilia conservados y sin actividad espontánea",
conducta,Conducta,opcion,60,Desatenta,Se distrae y pierde el hilo; invalida las pruebas posteriores de memoria y cálculo,
lenguaje,Lenguaje,opcion,10,Conservado,"Habla espontánea, comprensión, denominación, repetición, lectura y escritura sin alteraciones",
lenguaje,Lenguaje,opcion,20,Afasia no fluida,"Menos de dos a tres palabras por frase, u oraciones de menos de siete palabras",
lenguaje,Lenguaje,opcion,30,Afasia fluida,Habla fluida con parafasias y mal empleo de las palabras,
lenguaje,Lenguaje,opcion,40,Jergafasia,"Lenguaje fluido pero carente de sentido, con neologismos y parafasias continuas",
lenguaje,Lenguaje,opcion,50,Anomia,No logra nombrar el objeto aunque sabe describir para qué sirve,
lenguaje,Lenguaje,opcion,60,Alteración de la comprensión,No ejecuta órdenes simples ni secuenciales,
lenguaje,Lenguaje,opcion,70,Alteración de la repetición,"Omite palabras, cambia el orden o comete parafasias al repetir",
lenguaje,Lenguaje,opcion,80,Disartria,"Trastorno motor de la articulación de la palabra, con el contenido del lenguaje conservado",
lenguaje,Lenguaje,opcion,90,Disfonía,Alteración de la voz,
lenguaje,Lenguaje,opcion,100,Mutismo,Ausencia de habla,
pares_craneales,Pares craneales,opcion,10,Del primer par al doceavo sin alteraciones,"Examen ordenado y bilateral comparativo, del primero al doceavo",
pares_craneales,Pares craneales,opcion,20,"Primer par, olfatorio: anosmia","Cada fosa nasal por separado, con sustancias no irritantes",
pares_craneales,Pares craneales,opcion,30,"Segundo par, óptico: defecto del campo visual",Campos visuales por confrontación,
pares_craneales,Pares craneales,opcion,40,"Segundo par, óptico: papiledema",Oftalmoscopia de papila y retina,
pares_craneales,Pares craneales,opcion,50,"Tercer par, motor ocular común: ptosis, midriasis arreactiva y ojo desviado abajo y afuera","Movimientos oculares, posición del párpado y reactividad pupilar",
pares_craneales,Pares craneales,opcion,60,"Cuarto par, troclear: diplopía vertical con inclinación cefálica compensadora",Movimiento del ojo hacia abajo y adentro,
pares_craneales,Pares craneales,opcion,70,"Quinto par, trigémino: hipoestesia facial o desviación de la mandíbula",Sensibilidad facial en las tres ramas y fuerza de la masticación,
pares_craneales,Pares craneales,opcion,80,"Sexto par, motor ocular externo: diplopía horizontal con estrabismo convergente",Abducción del ojo,
pares_craneales,Pares craneales,opcion,90,"Séptimo par, facial: parálisis facial","Simetría facial en reposo y al gesticular, fuerza de los orbiculares y gusto de los dos tercios anteriores de la lengua",
pares_craneales,Pares craneales,opcion,100,"Octavo par, vestibulococlear: hipoacusia, vértigo o nistagmo",Audición con las pruebas de Rinne y Weber; equilibrio con Romberg y Fukuda,
pares_craneales,Pares craneales,opcion,110,"Noveno par, glosofaríngeo: ausencia del reflejo nauseoso",Reflejo nauseoso y gusto del tercio posterior de la lengua,
pares_craneales,Pares craneales,opcion,120,"Décimo par, vago: desviación de la úvula, disfonía o disfagia","Elevación del paladar blando y la úvula al decir «a», deglución y calidad de la voz",
pares_craneales,Pares craneales,opcion,130,"Undécimo par, espinal accesorio: debilidad para girar la cabeza o elevar el hombro",Fuerza contra resistencia del esternocleidomastoideo y del trapecio,
pares_craneales,Pares craneales,opcion,140,"Doceavo par, hipogloso: desviación de la lengua hacia el lado paralizado","Inspección, movimientos, fuerza, palpación y percusión de la lengua",
reflejo_pupilar,Reflejo pupilar,opcion,10,Presente y simétrico,Respuesta normal e igual en ambos ojos,
reflejo_pupilar,Reflejo pupilar,opcion,30,Abolido en un ojo,Sin respuesta de un lado,
reflejo_pupilar,Reflejo pupilar,opcion,40,Abolido en ambos ojos,Sin respuesta bilateral,
signo_lat,Signo con lateralidad,opcion,10,Negativo bilateral,Se buscó en ambos lados y no apareció,
signo_lat,Signo con lateralidad,opcion,20,Positivo derecho,El signo aparece en el lado derecho,
signo_lat,Signo con lateralidad,opcion,30,Positivo izquierdo,El signo aparece en el lado izquierdo,
signo_lat,Signo con lateralidad,opcion,40,Positivo bilateral,El signo aparece en ambos lados,
signo_lat,Signo con lateralidad,opcion,50,No evaluado,No se buscó el signo,
temblor,Temblor,opcion,10,Ausente,"Manos extendidas, palmas hacia abajo y dedos separados, sin oscilaciones",
temblor,Temblor,opcion,20,De reposo,"Desaparece con el sueño; de origen extrapiramidal, propio de la enfermedad de Parkinson",
temblor,Temblor,opcion,30,De actitud,"Surge al sostener una postura, no en reposo ni en movimiento; de origen metabólico, propio del precoma hepático",
temblor,Temblor,opcion,40,De acción,Aparece o se agrava al ejecutar el movimiento; de origen cerebeloso o tóxico,
temblor,Temblor,opcion,50,"Asterixis, aleteo",Movimientos rápidos de las manos en extensión forzada; encefalopatía hepática y coma urémico,
taxia,Taxia y coordinación,opcion,10,Conservada,"Coordinación normal en la marcha, el tronco y las extremidades",
taxia,Taxia y coordinación,opcion,20,Ataxia de la marcha y del tronco,"Falta de coordinación; orienta a la línea media del cerebelo, el vermis",
taxia,Taxia y coordinación,opcion,30,Prueba de Tandem alterada,Se desvía o no logra mantener la línea al caminar punta contra talón,
taxia,Taxia y coordinación,opcion,40,Asinergia,"Pérdida de la combinación armónica entre grupos musculares, con movimiento descompuesto",
taxia,Taxia y coordinación,opcion,50,Disdiadococinesia,Pérdida de la capacidad de alternar rápido un movimiento con su opositor,
taxia,Taxia y coordinación,opcion,60,Signo de rebote de Holmes positivo,No frena el movimiento cuando se suelta bruscamente la resistencia,
dismetria,Dismetría,opcion,10,Ausente,El movimiento llega preciso al blanco en la prueba índice-nariz,
dismetria,Dismetría,opcion,20,Presente en la prueba índice-nariz,El movimiento se detiene antes de la meta o la sobrepasa,
dismetria,Dismetría,opcion,30,Presente en la prueba talón-rodilla,Falla al golpear con el talón la rodilla contralateral,
dismetria,Dismetría,opcion,40,Presente en ambas pruebas,Dismetría en miembros superiores e inferiores,
rigidez_nuca,Rigidez de nuca y signos meníngeos,opcion,10,Ausente,La cabeza se flexiona sin dolor ni flexión refleja de los miembros inferiores,
rigidez_nuca,Rigidez de nuca y signos meníngeos,opcion,20,"Presente, con Kernig y Brudzinski negativos",Meningismo: irritación meníngea sin los dos signos clásicos,
rigidez_nuca,Rigidez de nuca y signos meníngeos,opcion,30,"Presente, con signo de Kernig positivo",Dolor y resistencia al extender la rodilla con la cadera flexionada,
rigidez_nuca,Rigidez de nuca y signos meníngeos,opcion,40,"Presente, con signo de Brudzinski positivo",Flexión refleja e involuntaria de rodillas y caderas al flexionar la cabeza,
rigidez_nuca,Rigidez de nuca y signos meníngeos,opcion,50,"Presente, con Kernig y Brudzinski positivos",Síndrome de irritación meníngea completo,
sens_profunda,Sensibilidad profunda,opcion,10,Conservada,"Batiestesia, palestesia y dolor profundo normales",
sens_profunda,Sensibilidad profunda,opcion,20,Batiestesia alterada,No reconoce la posición del primer dedo del pie con los ojos cerrados,
sens_profunda,Sensibilidad profunda,opcion,30,Palestesia alterada,No percibe la vibración del diapasón de 128 hercios sobre las prominencias óseas,
sens_profunda,Sensibilidad profunda,opcion,40,Dolor profundo abolido,No duele la presión sobre el tendón de Aquiles,
sens_profunda,Sensibilidad profunda,opcion,50,Signo de Piters positivo,Pérdida del dolor al presionar la zona testicular,
sens_superficial,Sensibilidad superficial,opcion,10,Conservada y simétrica,"Dolor, temperatura y tacto percibidos por igual en ambos lados",
sens_superficial,Sensibilidad superficial,opcion,20,Hipoestesia táctil,Disminución de la percepción del roce ligero,
sens_superficial,Sensibilidad superficial,opcion,30,Anestesia táctil,Ausencia de percepción del roce,
sens_superficial,Sensibilidad superficial,opcion,40,Hipoalgesia,Disminución de la sensibilidad dolorosa,
sens_superficial,Sensibilidad superficial,opcion,50,Analgesia,Ausencia de sensibilidad dolorosa,
sens_superficial,Sensibilidad superficial,opcion,60,Hiperalgesia,Sensibilidad dolorosa aumentada,
sens_superficial,Sensibilidad superficial,opcion,70,Disestesia,Deformidad de la sensibilidad que produce molestia,
sens_superficial,Sensibilidad superficial,opcion,80,Alteración de la sensibilidad térmica,No diferencia el estímulo frío del caliente,
sens_superficial,Sensibilidad superficial,opcion,90,Disociación sensitiva,"Se pierden el dolor y la temperatura conservando el tacto fino, o al revés",
fondo_ojo,Fondo de ojo,opcion,10,Papila y retina sin alteraciones,Oftalmoscopia normal,
fondo_ojo,Fondo de ojo,opcion,20,No realizado,No se practicó la oftalmoscopia,
fondo_ojo,Fondo de ojo,opcion,30,Papiledema,Edema de la papila óptica,
fondo_ojo,Fondo de ojo,opcion,40,Hemorragias retinianas,Sangrado visible en la retina,
fondo_ojo,Fondo de ojo,opcion,50,Exudados,Depósitos retinianos,
fondo_ojo,Fondo de ojo,opcion,60,Éxtasis venoso,El fondo de ojo es el único territorio del cuerpo donde se ve pulsar una vena,
fondo_ojo,Fondo de ojo,opcion,70,Microaneurismas,Dilataciones capilares puntiformes,
fondo_ojo,Fondo de ojo,opcion,80,Émbolos,"De colesterol, fibrinoplaquetarios, de calcio o tumorales",
fondo_ojo,Fondo de ojo,opcion,90,Oclusión arterial,Única parte del cuerpo donde las arterias son directamente visibles,
fondo_ojo,Fondo de ojo,opcion,100,Oclusión venosa,Obstrucción del retorno venoso retiniano,
marcha_tipo,Tipo de marcha,opcion,10,Normal,Sigue la línea recta y conserva el braceo pendular: avanza el brazo derecho con el pie izquierdo,
marcha_tipo,Tipo de marcha,opcion,20,Cojera,"Asimétrica, con apoyo evitado en un miembro: dolor, acortamiento o amputación",
marcha_tipo,Tipo de marcha,opcion,30,"Cerebelosa o atáxica, de base amplia",Tambaleo lateral con la mirada fija en el suelo,
marcha_tipo,Tipo de marcha,opcion,40,Tabética,"Pasos bruscos, elevando los pies y golpeando el talón contra el suelo, por pérdida de la propiocepción",
marcha_tipo,Tipo de marcha,opcion,50,"Espástica, en tijera","Piernas rígidas, con apoyo o ayuda para caminar",
marcha_tipo,Tipo de marcha,opcion,60,"Parkinsoniana, a pasos cortos","Cabeza y tronco inclinados hacia adelante, brazos casi inmóviles",
marcha_tipo,Tipo de marcha,opcion,70,"Hemipléjica, en guadaña",El miembro paralizado describe un semicírculo externo con la rodilla rígida,
marcha_tipo,Tipo de marcha,opcion,80,Del pato,Balanceo lateral del tronco por debilidad de la cintura pelviana,
marcha_tipo,Tipo de marcha,opcion,90,Laberíntica,"En zigzag, de un lado a otro; síndrome vestibular",
marcha_tipo,Tipo de marcha,opcion,100,"Polineurítica, en paso de parada",Levanta más las rodillas y apoya más la punta que el talón,
marcha_tipo,Tipo de marcha,opcion,110,De Hakim-Adams,"Base amplia e insegura, con incontinencia de esfínteres e irritabilidad; hidrocefalia a presión normal",
marcha_tipo,Tipo de marcha,opcion,120,No deambula,El paciente no puede caminar,
postura,Postura,opcion,10,"Erguida, sin desviaciones","Actitud normal, sin postura forzada ni desviación de la columna",
postura,Postura,opcion,20,Antálgica,El paciente se dobla sobre el lado del dolor y cambia de postura buscando alivio,
postura,Postura,opcion,30,Encorvada hacia adelante,Columna encorvada del síndrome parkinsoniano,
postura,Postura,opcion,40,En gatillo de fusil,"Decúbito lateral con hiperextensión cefálica, piernas flexionadas y tórax encorvado; irritación meníngea",
postura,Postura,opcion,50,Opistótonos,"Cuerpo en arco con concavidad dorsal, apoyado en la región occipital; tétanos, meningitis, rabia",
postura,Postura,opcion,60,Decúbito pasivo,"Imposibilidad de cambiar de posición, como una masa inerte; paciente en coma",
postura,Postura,opcion,70,Cifosis,"Convexidad posterior de la columna, o joroba",
postura,Postura,opcion,80,Lordosis,"Convexidad hacia atrás, cervical o lumbar",
postura,Postura,opcion,90,Escoliosis,"Desviación lateral de la columna, congénita o secundaria",
ejes_oseos,Ejes óseos,opcion,10,Conservados y alineados,Sin desviaciones ni acortamientos,
ejes_oseos,Ejes óseos,opcion,20,Desviación angular de un eje,Se describe el hueso y el sentido de la desviación,
ejes_oseos,Ejes óseos,opcion,30,Acortamiento de un miembro,Puede manifestarse como cojera,
articulaciones,Articulaciones,opcion,10,"Sin dolor, sin deformidad y con movilidad conservada",Examen articular normal,
articulaciones,Articulaciones,opcion,20,Dolorosas,"Dolor somático articular, bien localizado",
articulaciones,Articulaciones,opcion,30,Con tumefacción,Aumento de volumen de la articulación,
articulaciones,Articulaciones,opcion,40,Con calor y rubor,"Signos clásicos de inflamación: tumor, calor, rubor y dolor",
articulaciones,Articulaciones,opcion,50,Con deformidad,Alteración permanente de la forma articular,
articulaciones,Articulaciones,opcion,60,Con movilidad limitada,Se describe el movimiento limitado y si la limitación es por dolor,
trofismo,Trofismo muscular,opcion,10,Conservado,"Volumen muscular acorde a la edad, la constitución y la actividad del paciente",
trofismo,Trofismo muscular,opcion,20,Hipotrofia,Disminución del volumen muscular,
trofismo,Trofismo muscular,opcion,30,Atrofia,Disminución severa asociada a pérdida de la inervación,
trofismo,Trofismo muscular,opcion,40,Hipertrofia,Aumento genuino del volumen muscular,
trofismo,Trofismo muscular,opcion,50,Pseudohipertrofia,"Aumento sin ganancia de tejido contráctil, como en el mixedema o los quistes parasitarios",
trofismo,Trofismo muscular,opcion,60,Fasciculaciones,"Contracciones aisladas e irregulares de unidades motoras, visibles a simple vista; signo de motoneurona inferior",
cultivo,Resultado de cultivo,opcion,10,No se realizó,No se solicitó ni se tomó la muestra,
cultivo,Resultado de cultivo,opcion,20,En proceso,"Muestra tomada, resultado todavía pendiente",
cultivo,Resultado de cultivo,opcion,30,Negativo,No hubo desarrollo bacteriano,
cultivo,Resultado de cultivo,opcion,40,Positivo,Hubo desarrollo bacteriano; se informa el germen aislado y el antibiograma,"{valor}, con desarrollo de {germen}"
ecg_ritmo,Electrocardiograma · ritmo,opcion,10,Ritmo sinusal,"Onda P positiva en DI, DII y aVF, negativa en aVR, precediendo siempre al complejo QRS",
ecg_ritmo,Electrocardiograma · ritmo,opcion,20,Taquicardia sinusal,"Ritmo sinusal con frecuencia mayor de 100 latidos por minuto en reposo, por tono simpático aumentado",
ecg_ritmo,Electrocardiograma · ritmo,opcion,30,Bradicardia sinusal,"Ritmo sinusal con frecuencia menor de 60 latidos por minuto, generalmente entre 40 y 60",
ecg_ritmo,Electrocardiograma · ritmo,opcion,40,Arritmia sinusal,La frecuencia aumenta en la inspiración y disminuye en la espiración,
ecg_ritmo,Electrocardiograma · ritmo,opcion,50,Fibrilación auricular,"Ausencia de onda P, sustituida por ondas f, con intervalo RR irregular",
ecg_eje,Electrocardiograma · eje eléctrico,opcion,10,"Normal, de 0° a +90°",Complejos QRS positivos en DI y en aVF: cuadrante inferior izquierdo,
ecg_eje,Electrocardiograma · eje eléctrico,opcion,20,"Desviado a la izquierda, de 0° a -90°","Corazón horizontalizado: obesidad, ascitis, hipertrofia ventricular izquierda, bloqueo completo de rama izquierda, elevación del diafragma",
ecg_eje,Electrocardiograma · eje eléctrico,opcion,30,"Desviado a la derecha, de +90° a +180°","Corazón verticalizado: longilíneos, hipertrofia ventricular derecha, bloqueo completo de rama derecha, enfisema; habitual en el poblador de altura",
ecg_eje,Electrocardiograma · eje eléctrico,opcion,40,"Desviación extrema, de +180° a -90°",Complejos QRS negativos en DI y en aVF: cuadrante superior derecho,
ecg_onda_p,Electrocardiograma · onda P,opcion,10,Normal,"Duración de 0.07 a 0.11 segundos, amplitud menor de 2.5 mm en DII, redondeada y simétrica",
ecg_onda_p,Electrocardiograma · onda P,opcion,20,Alta y picuda,"Amplitud mayor de 2.5 mm en DII, DIII y aVF: hipertrofia auricular derecha",
ecg_onda_p,Electrocardiograma · onda P,opcion,30,Bimodal y ensanchada,Duración mayor de 0.12 segundos en DII: hipertrofia auricular izquierda,
ecg_onda_p,Electrocardiograma · onda P,opcion,40,Ausente,"Sustituida por ondas f irregulares, propia de la fibrilación auricular",
ecg_onda_p,Electrocardiograma · onda P,opcion,50,"Presente, pero no conducida",Ondas P que no van seguidas de complejo QRS: bloqueo auriculoventricular de segundo o tercer grado,
ecg_qrs,Electrocardiograma · complejo QRS,opcion,10,Normal,Duración menor de 0.12 segundos; onda Q de menos de 3 mm y de menos de 0.04 segundos,
ecg_qrs,Electrocardiograma · complejo QRS,opcion,20,Ensanchado,Duración de 0.12 segundos o más,
ecg_qrs,Electrocardiograma · complejo QRS,opcion,30,Con imagen de M o W en V1 y V2,"Bloqueo completo de rama derecha, con onda S ancha en DI, aVL, V5 y V6",
ecg_qrs,Electrocardiograma · complejo QRS,opcion,40,"Ancho en DI, aVL, V5 y V6","Bloqueo completo de rama izquierda, con onda S ancha y profunda en V1 y V2",
ecg_qrs,Electrocardiograma · complejo QRS,opcion,50,Con onda Q patológica,Onda Q de más de 3 mm de profundidad o de más de 0.04 segundos de ancho: necrosis miocárdica,
ecg_qrs,Electrocardiograma · complejo QRS,opcion,60,Con criterios de hipertrofia ventricular izquierda,Índice de Sokolow-Lyon: onda S en V1 más onda R en V5 o V6 igual o mayor de 35 mm,
ecg_qrs,Electrocardiograma · complejo QRS,opcion,70,Con criterios de hipertrofia ventricular derecha,Onda R alta en V1 (R mayor que S) y onda S profunda en V6,
ecg_onda_t,Electrocardiograma · onda T,opcion,10,Normal,"Amplitud de 5 a 10 mm, asimétrica, positiva en DI, DII, aVF y de V3 a V6, negativa en aVR",
ecg_onda_t,Electrocardiograma · onda T,opcion,20,"Negativa, simétrica y puntiaguda","Isquemia subepicárdica, la de mayor importancia clínica",
ecg_onda_t,Electrocardiograma · onda T,opcion,30,"Positiva, alta y simétrica","Isquemia subendocárdica, por repolarización retardada",
ecg_st,Electrocardiograma · segmento ST,opcion,10,Isoeléctrico,Línea isoeléctrica entre el punto J y el inicio de la onda T; el desnivel normal no pasa de 0.5 mm,
ecg_st,Electrocardiograma · segmento ST,opcion,20,Supradesnivelado,Desnivel hacia arriba de más de 0.5 mm: lesión subepicárdica,
ecg_st,Electrocardiograma · segmento ST,opcion,30,Infradesnivelado,Desnivel hacia abajo de más de 0.5 mm: lesión subendocárdica,
ecg_conclusion,Electrocardiograma · conclusión,opcion,10,Electrocardiograma dentro de límites normales,Los nueve pasos de la lectura resultan normales,
ecg_conclusion,Electrocardiograma · conclusión,opcion,20,Bloqueo auriculoventricular de primer grado,"Intervalo PR mayor de 0.20 segundos y constante; toda onda P conduce, solo que con retardo",
ecg_conclusion,Electrocardiograma · conclusión,opcion,30,"Bloqueo auriculoventricular de segundo grado, Mobitz tipo I",El intervalo PR se alarga de forma progresiva hasta que una onda P no es seguida de complejo QRS,
ecg_conclusion,Electrocardiograma · conclusión,opcion,40,"Bloqueo auriculoventricular de segundo grado, Mobitz tipo II","Intervalo PR constante, con dos a cuatro ondas P por cada complejo QRS",
ecg_conclusion,Electrocardiograma · conclusión,opcion,50,Bloqueo auriculoventricular de tercer grado,Aurículas y ventrículos laten con marcapasos independientes; más ondas P que complejos QRS,
ecg_conclusion,Electrocardiograma · conclusión,opcion,60,Bloqueo completo de rama derecha,Complejo QRS de más de 0.12 segundos con imagen de M en V1 y V2 y eje desviado a la derecha,
ecg_conclusion,Electrocardiograma · conclusión,opcion,70,Bloqueo completo de rama izquierda,"Complejo QRS ensanchado en DI, aVL, V5 y V6 y eje desviado a la izquierda",
ecg_conclusion,Electrocardiograma · conclusión,opcion,80,Hipertrofia auricular derecha,Onda P alta y picuda en DII; en V1 el componente inicial es mayor que el terminal,
ecg_conclusion,Electrocardiograma · conclusión,opcion,90,Hipertrofia auricular izquierda,Onda P bimodal de más de 0.12 segundos en DII; en V1 componente terminal lento y alargado,
ecg_conclusion,Electrocardiograma · conclusión,opcion,100,Hipertrofia ventricular derecha,Eje desviado a la derecha con onda R alta en V1 y onda S profunda en V6,
ecg_conclusion,Electrocardiograma · conclusión,opcion,110,Hipertrofia ventricular izquierda,"Índice de Sokolow-Lyon igual o mayor de 35 mm, con onda T invertida en V5 y V6",
ecg_conclusion,Electrocardiograma · conclusión,opcion,120,Isquemia subepicárdica,"Onda T negativa, simétrica y puntiaguda",
ecg_conclusion,Electrocardiograma · conclusión,opcion,130,Isquemia subendocárdica,"Onda T positiva, alta y simétrica",
ecg_conclusion,Electrocardiograma · conclusión,opcion,140,Lesión subepicárdica,Segmento ST supradesnivelado,
ecg_conclusion,Electrocardiograma · conclusión,opcion,150,Lesión subendocárdica,Segmento ST infradesnivelado,
ecg_conclusion,Electrocardiograma · conclusión,opcion,160,Necrosis miocárdica,"Onda Q patológica, que una vez aparecida persiste indefinidamente",{valor} de la región {region_infarto}
ecg_conclusion,Electrocardiograma · conclusión,opcion,170,Fibrilación auricular,"Ausencia de onda P, ondas f e intervalo RR irregular",
region_infarto,Electrocardiograma · región del infarto,opcion,10,anteroseptal,"V1, V2, V3 y V4",
region_infarto,Electrocardiograma · región del infarto,opcion,20,anterolateral,"DI, aVL, V4, V5 y V6",
region_infarto,Electrocardiograma · región del infarto,opcion,30,lateral alta,DI y aVL,
region_infarto,Electrocardiograma · región del infarto,opcion,40,anterior extensa,"DI, aVL y de V1 a V6",
region_infarto,Electrocardiograma · región del infarto,opcion,50,inferior o diafragmática,"DII, DIII y aVF",
region_infarto,Electrocardiograma · región del infarto,opcion,60,dorsal o de pared posterior,"Imagen en espejo en V1, V2 y V3; se confirma con V7 y V8",
rx_partes_blandas,Radiografía de tórax · partes blandas,opcion,10,Sin alteraciones,"Pliegue supraclavicular, esternocleidomastoideo, pectoral mayor y mamas de aspecto habitual",
rx_partes_blandas,Radiografía de tórax · partes blandas,opcion,20,Sombra mamaria que vela las bases,Su bilateralidad y su simetría descartan que el pezón sea en realidad un nódulo pulmonar,
rx_partes_blandas,Radiografía de tórax · partes blandas,opcion,30,Opacidad del pectoral mayor,"En personas musculosas, opacidad en la parte externa del campo medio que puede confundirse con un neumotórax enquistado",
rx_partes_blandas,Radiografía de tórax · partes blandas,opcion,40,Opacidad del pliegue cutáneo supraclavicular,Opacidad normal por encima de la clavícula,
rx_partes_blandas,Radiografía de tórax · partes blandas,opcion,50,Sombra del esternocleidomastoideo sobre el vértice,Línea vertical que cruza el vértice pulmonar,
rx_partes_oseas,Radiografía de tórax · partes óseas,opcion,10,Sin alteraciones,Se ven solo las 3 o 4 primeras vértebras dorsales; clavículas en V; escápulas fuera del campo pulmonar,
rx_partes_oseas,Radiografía de tórax · partes óseas,opcion,20,Escápula proyectada sobre el campo pulmonar,Su borde externo aparece como una banda; no confundirla con una sombra pleural,
rx_partes_oseas,Radiografía de tórax · partes óseas,opcion,30,Cartílagos costales calcificados,"Los cartílagos costales no se ven, salvo cuando están calcificados",
rx_partes_oseas,Radiografía de tórax · partes óseas,opcion,40,Espacios intercostales ensanchados,"Del lado afectado, en el neumotórax hipertensivo",{valor} en {campo_pulmonar}
rx_campos_pulmonares,Radiografía de tórax · campos pulmonares,opcion,10,"Bien ventilados, con trama vascular conservada","Dos campos de claridad, más claros hacia la periferia; la trama se afina en el tercio externo",
rx_campos_pulmonares,Radiografía de tórax · campos pulmonares,opcion,20,Opacidad homogénea con broncograma aéreo,Signo radiológico típico de la condensación neumónica,{valor} en {campo_pulmonar}
rx_campos_pulmonares,Radiografía de tórax · campos pulmonares,opcion,30,Opacidad que borra el seno costodiafragmático y la cúpula del diafragma,Derrame pleural; por debajo de 300 ml puede pasar inadvertido en la placa de pie,{valor} en {campo_pulmonar}
rx_campos_pulmonares,Radiografía de tórax · campos pulmonares,opcion,40,"Hiperclaridad sin trama vascular, con el borde del pulmón colapsado",Neumotórax: aire libre en el espacio pleural que separa el pulmón de la pared torácica,{valor} en {campo_pulmonar}
rx_campos_pulmonares,Radiografía de tórax · campos pulmonares,opcion,50,Hiperinsuflación con atrapamiento e hiperclaridad,Enfisema pulmonar,{valor} en {campo_pulmonar}
rx_campos_pulmonares,Radiografía de tórax · campos pulmonares,opcion,60,Imágenes micronodulares de condensación dispersas,"Bronconeumonía: focos múltiples, sobre todo en las bases y alrededor de los hilios",{valor} en {campo_pulmonar}
rx_campos_pulmonares,Radiografía de tórax · campos pulmonares,opcion,70,Imagen en panal de abejas,"Bronquiectasias; se confirma con broncoscopia, broncografía o tomografía",{valor} en {campo_pulmonar}
rx_campos_pulmonares,Radiografía de tórax · campos pulmonares,opcion,80,Imagen cavitaria,"Caverna o absceso pulmonar, por eliminación necrótica del parénquima",{valor} en {campo_pulmonar}
rx_campos_pulmonares,Radiografía de tórax · campos pulmonares,opcion,90,Congestión pulmonar,Insuficiencia ventricular izquierda; el decúbito horizontal la exagera,
rx_campos_pulmonares,Radiografía de tórax · campos pulmonares,opcion,100,Engrosamiento peribronquial,"Bronquitis crónica, sobre una radiografía por lo demás aparentemente normal",
campo_pulmonar,Campo pulmonar,opcion,10,ambos campos pulmonares,,
campo_pulmonar,Campo pulmonar,opcion,20,el hemitórax derecho,,
campo_pulmonar,Campo pulmonar,opcion,30,el hemitórax izquierdo,,
campo_pulmonar,Campo pulmonar,opcion,40,el vértice derecho,Todo el campo por encima de la clavícula,
campo_pulmonar,Campo pulmonar,opcion,50,el vértice izquierdo,Todo el campo por encima de la clavícula,
campo_pulmonar,Campo pulmonar,opcion,60,el campo medio derecho,,
campo_pulmonar,Campo pulmonar,opcion,70,el campo medio izquierdo,,
campo_pulmonar,Campo pulmonar,opcion,80,la base derecha,,
campo_pulmonar,Campo pulmonar,opcion,90,la base izquierda,,
campo_pulmonar,Campo pulmonar,opcion,100,ambas bases,,
campo_pulmonar,Campo pulmonar,opcion,110,la región hiliar derecha,Donde entran y salen los grandes vasos,
campo_pulmonar,Campo pulmonar,opcion,120,la región hiliar izquierda,Más alta que la derecha,
rx_silueta,Radiografía de tórax · silueta cardiovascular,opcion,10,De tamaño y forma normales,"Borde derecho con dos arcos (vena cava superior y aurícula derecha) y borde izquierdo con tres (botón aórtico, arco medio y arco ventricular)",
rx_silueta,Radiografía de tórax · silueta cardiovascular,opcion,20,Cardiomegalia,Índice cardiotorácico mayor de 0.50,
rx_silueta,Radiografía de tórax · silueta cardiovascular,opcion,30,Botón aórtico prominente,"Convexo, bajo la articulación esternoclavicular; se dilata con la edad",
rx_silueta,Radiografía de tórax · silueta cardiovascular,opcion,40,Arco medio abombado,"Abombamiento de la orejuela de la aurícula izquierda, uno de los primeros signos radiográficos de patología mitral",
rx_silueta,Radiografía de tórax · silueta cardiovascular,opcion,50,Silueta cardíaca alargada y estrecha,Enfisema pulmonar; se agranda si ya hay cor pulmonale crónico,
rx_silueta,Radiografía de tórax · silueta cardiovascular,opcion,60,Mediastino desviado al lado sano,Derrame pleural voluminoso o neumotórax hipertensivo,
rx_silueta,Radiografía de tórax · silueta cardiovascular,opcion,70,Mediastino atraído al lado enfermo,Atelectasia,
rx_conclusion,Radiografía de tórax · conclusiones,opcion,10,Radiografía de tórax sin alteraciones,"Partes blandas, partes óseas, campos pulmonares y silueta cardiovascular normales",
rx_conclusion,Radiografía de tórax · conclusiones,opcion,20,Condensación neumónica,Opacidad homogénea con broncograma aéreo,
rx_conclusion,Radiografía de tórax · conclusiones,opcion,30,Derrame pleural,"Seno costodiafragmático borrado, con desviación del mediastino al lado sano si es voluminoso",
rx_conclusion,Radiografía de tórax · conclusiones,opcion,40,Neumotórax,"Aire libre en el espacio pleural, con el pulmón colapsado",
rx_conclusion,Radiografía de tórax · conclusiones,opcion,50,Atelectasia,Retracción del hemitórax con el mediastino atraído al lado enfermo,
rx_conclusion,Radiografía de tórax · conclusiones,opcion,60,Bronconeumonía,Imágenes micronodulares de condensación en bases e hilios,
rx_conclusion,Radiografía de tórax · conclusiones,opcion,70,Enfisema pulmonar,Hiperinsuflación con silueta cardíaca alargada y estrecha,
rx_conclusion,Radiografía de tórax · conclusiones,opcion,80,Congestión pulmonar,Por insuficiencia ventricular izquierda,
rx_conclusion,Radiografía de tórax · conclusiones,opcion,90,Bronquiectasias,Imagen en panal de abejas,
rx_conclusion,Radiografía de tórax · conclusiones,opcion,100,Caverna o absceso pulmonar,Imagen cavitaria en el parénquima,
rx_conclusion,Radiografía de tórax · conclusiones,opcion,110,Cardiomegalia,Índice cardiotorácico mayor de 0.50; no equivale a cardiopatía,
rx_conclusion,Radiografía de tórax · conclusiones,opcion,120,Paquipleuritis,Retracción del hemitórax por pleuritis crónica,
f_otros_estudios,Frases · otros estudios,frase,20,a1,Ecocardiograma ({fecha}):,
f_otros_estudios,Frases · otros estudios,frase,30,a2,Electrocardiografía dinámica o Holter ({fecha}):,
f_otros_estudios,Frases · otros estudios,frase,40,a3,Prueba de esfuerzo ({fecha}):,
f_otros_estudios,Frases · otros estudios,frase,50,a4,Cateterismo cardíaco ({fecha}):,
f_otros_estudios,Frases · otros estudios,frase,60,a5,Arteriografía coronaria ({fecha}):,
f_otros_estudios,Frases · otros estudios,frase,70,a6,Tomografía axial computarizada de tórax ({fecha}):,
f_otros_estudios,Frases · otros estudios,frase,80,a7,Ecografía abdominal ({fecha}):,
f_otros_estudios,Frases · otros estudios,frase,90,a8,Broncoscopia ({fecha}):,
f_otros_estudios,Frases · otros estudios,frase,100,a9,Examen de esputo ({fecha}):,
f_otros_estudios,Frases · otros estudios,frase,110,a10,Punción pleural o toracocentesis ({fecha}):,
f_otros_estudios,Frases · otros estudios,frase,120,a11,Espirometría ({fecha}):,
f_otros_estudios,Frases · otros estudios,frase,130,a12,Gasometría arterial ({fecha}):,
f_otros_estudios,Frases · otros estudios,frase,140,a13,Prueba de la tuberculina ({fecha}):,
f_otros_estudios,Frases · otros estudios,frase,150,a14,Biopsia de {organo} ({fecha}):,
f_otros_estudios,Frases · otros estudios,frase,160,a15,{examen} ({fecha}):,
f_epicrisis,Frases · epicrisis,frase,20,a1,"Paciente de {edad} años, hospitalizado del {fecha_ingreso} al {fecha_alta}.",
f_epicrisis,Frases · epicrisis,frase,30,a2,Ingresó por,
f_epicrisis,Frases · epicrisis,frase,40,a3,Al examen físico de ingreso destacaba,
f_epicrisis,Frases · epicrisis,frase,50,a4,Los exámenes complementarios mostraron,
f_epicrisis,Frases · epicrisis,frase,60,a5,Recibió tratamiento con,
f_epicrisis,Frases · epicrisis,frase,70,a6,Evolucionó,
f_epicrisis,Frases · epicrisis,frase,80,a7,Egresa con el diagnóstico de,
f_epicrisis,Frases · epicrisis,frase,90,a8,Condición al egreso:,
f_epicrisis,Frases · epicrisis,frase,100,a9,Se indica al alta,
f_epicrisis,Frases · epicrisis,frase,110,a10,Fallece el {fecha} a consecuencia de,
